Region,Platform,Image,RemoteIP,LocalIP,TimeGenerated,Subscription,Cloud
southafricanorth,linux,cisco-cisco-c8000v-17_06_03a-byol-17.06.0320220429,102.37.149.244,10.95.2.21,24/02/2023 11:02,arup-it-core,AZURE_ARM
southafricanorth,linux,cisco-cisco-c8000v-17_06_03a-byol-17.06.0320220429,102.37.22.191,10.95.2.20,24/02/2023 11:02,arup-it-core,AZURE_ARM
eastasia,windows,MicrosoftWindowsServer-WindowsServer-2019-Datacenter-17763.4737.230802,104.208.106.132,10.205.123.4,16/05/2024 21:57,arup-it-production-open,AZURE_ARM
southcentralus,linux,cisco-cisco-csr-1000v-16_12-byol-16.12.120190816,104.215.83.156,10.190.130.21,13/10/2021 12:03,arup-it-core,AZURE_ARM
southcentralus,linux,cisco-cisco-csr-1000v-16_12-byol-16.12.120190816,104.215.97.253,10.190.130.20,13/10/2021 12:03,arup-it-core,AZURE_ARM
eu-west-1,windows,ami-08a92ed64caa44b84,108.128.145.146,10.119.0.9,11/02/2021 11:23,arup-ukimea-shared-prod,AWS
eu-west-1,linux,ami-0d4edc9acce4f3bb8,108.128.164.170,10.0.1.107,08/03/2024 09:48,arup-eur-irl-cfd-prod,AWS
eu-west-1,linux,ami-0d4edc9acce4f3bb8,108.128.247.147,10.0.101.200,03/02/2025 10:49,arup-eur-irl-cfd-prod,AWS
eu-west-1,linux,ami-083b263ba983d8e3c,108.128.31.254,10.119.3.168,11/02/2021 11:23,arup-eur-ams-digital-prod,AWS
eu-west-1,linux,ami-0437b321a233cc53c,108.129.71.159,192.168.28.117,09/12/2024 04:36,arup-ukimea-ade-pi-dev-test,AWS
ap-northeast-1,linux,ami-53a75835,13.114.145.79,100.64.127.231,11/02/2021 11:25,arup-networking,AWS
ap-southeast-2,linux,ami-0652aa31044228241,13.210.101.16,172.20.1.211,21/10/2024 04:40,arup-au-sydney-cfd-prod,AWS
ap-southeast-2,linux,ami-0bcb93941274eca3e,13.210.33.149,10.1.101.56,15/03/2023 07:14,arup-au-ade-shared-external,AWS
ap-southeast-2,linux,ami-0533b0dbc736434c4,13.211.101.254,172.20.2.159,12/05/2022 04:59,arup-au-sydney-cfd-prod,AWS
ap-southeast-2,windows,ami-0f9cdea881cc8ae59,13.211.172.214,10.122.50.34,18/12/2024 12:14,Aus Digital,AWS
ap-southeast-2,linux,ami-001f2488b35ca8aad,13.211.206.230,10.1.101.210,18/10/2024 05:21,arup-au-ade-shared-external,AWS
ap-southeast-1,linux,ami-0b2ffa433461eafbf,13.214.238.146,10.88.1.5,26/09/2024 05:33,arup-ear-cfd-dev-test,AWS
ap-southeast-2,linux,ami-0ef12c08d53021d2b,13.236.13.190,172.20.3.44,16/08/2024 03:57,arup-au-sydney-cfd-prod,AWS
ap-southeast-2,linux,ami-e96d778a,13.237.101.120,100.64.127.234,11/02/2021 11:26,arup-networking,AWS
ap-southeast-2,linux,ami-079a35fdebc8949ee,13.237.243.239,172.20.1.80,01/05/2024 06:20,arup-au-sydney-cfd-prod,AWS
ap-southeast-2,linux,ami-04f5097681773b989,13.237.54.61,172.31.10.2,05/02/2024 19:43,arup-ukimea-uncertainty-sur-dev,AWS
ap-southeast-2,linux,ami-079a35fdebc8949ee,13.237.87.97,172.20.1.57,14/09/2023 00:24,arup-au-sydney-cfd-prod,AWS
ap-southeast-2,linux,ami-03646f515d078ec29,13.238.101.252,10.124.2.11,11/02/2021 11:18,arup-au-shared-prod,AWS
ap-southeast-2,linux,ami-e96d778a,13.238.234.65,100.64.127.246,11/02/2021 11:26,arup-networking,AWS
eu-west-2,linux,ami-06a61465d4c0ab120,13.40.56.139,10.0.1.228,01/03/2022 07:51,arup-eur-ams-digital-air-prod,AWS
us-east-2,linux,ami-02238ac43d6385ab3,13.59.183.223,172.31.3.217,14/03/2023 02:47,arup-amx-weathershift-prod,AWS
australiasoutheast,linux,silver-peak-systems-silver_peak_edgeconnect-edgeconnect_9_2_4_0_94650-9.2.4,13.70.149.47,10.61.1.21,04/07/2024 14:30,arup-it-core,AZURE_ARM
australiasoutheast,linux,Canonical-UbuntuServer-18.04-LTS-18.04.202109180,13.70.189.9,10.61.47.7,16/10/2021 20:12,arup-it-sandpit,AZURE_ARM
australiasoutheast,linux,cisco-cisco-resource-connector-cisco-secure-access-resource-connector-2.0.3,13.73.111.195,10.61.77.252,08/01/2025 09:58,arup-it-test,AZURE_ARM
westus,linux,cisco-cisco-asav-asav-azure-byol-9142215.0.0,13.73.35.109,10.191.209.12,16/06/2023 13:34,arup-it-production-open,AZURE_ARM
eastasia,linux,cisco-cisco-csr-1000v-16_12-byol-16.12.120190816,13.75.117.166,10.205.2.21,13/10/2021 12:03,arup-it-core,AZURE_ARM
southeastasia,linux,cisco-cisco-asav-asav-azure-byol-9181.0.0,13.76.193.10,10.5.0.4,26/08/2022 17:06,arup-it-production-open,AZURE_ARM
australiasoutheast,linux,cisco-cisco-csr-1000v-16_12-byol-16.12.120190816,13.77.60.6,10.61.2.20,13/10/2021 12:03,arup-it-core,AZURE_ARM
japaneast,linux,cisco-cisco-csr-1000v-16_12-byol-16.12.120190816,13.78.48.118,10.203.15.4,13/10/2021 12:03,arup-it-core,AZURE_ARM
northeurope,linux,RG_auto-build_1|CiscoContentSecurity-esa-15-0-0-104-15.0.0,13.79.128.76,10.251.123.4,29/04/2024 06:55,arup-it-production-open,AZURE_ARM
northeurope,windows,MicrosoftWindowsServer-WindowsServer-2022-Datacenter-20348.2031.231006,13.79.129.13,10.251.118.5,25/10/2023 07:30,arup-it-production-open,AZURE_ARM
westus,linux,silver-peak-systems-silver_peak_edgeconnect-edgeconnect_9_2_4_0_94650-9.2.4,13.83.81.4,10.191.129.21,24/05/2024 14:45,arup-it-core,AZURE_ARM
westus,linux,silver-peak-systems-silver_peak_edgeconnect-edgeconnect_9_2_4_0_94650-9.2.4,13.91.100.180,10.191.129.20,24/05/2024 14:45,arup-it-core,AZURE_ARM
eastus,linux,Canonical-UbuntuServer-18.04-LTS-18.04.202101290,13.92.131.192,10.0.0.4,16/10/2021 20:12,arup-it-sandpit,AZURE_ARM
eastasia,linux,ribboncommunications-ribbon_sbc_swe-lite_vm-ribbon_sbc_swe-lite_vm_release-12.120001.075,13.94.56.83,10.205.112.196,16/05/2024 21:57,arup-it-production-open,AZURE_ARM
eastasia,linux,cisco-cisco-csr-1000v-16_12-byol-16.12.120190816,13.94.58.151,10.205.2.20,13/10/2021 12:03,arup-it-core,AZURE_ARM
ap-east-1,linux,ami-025ad2550fb157bd5,16.162.12.162,10.146.42.20,20/01/2023 03:40,arup-ear-carbonemissions-dev-test,AWS
ap-east-1,linux,ami-0a1e5cca1fa999d46,16.162.246.191,10.0.1.164,12/09/2023 02:47,arup-ear-transport-cdp-dev-test,AWS
ap-east-1,windows,ami-0756fbeaa604f7c23,16.163.54.111,172.31.44.25,11/08/2022 09:36,arup-ear-epd-cnmp-dev-test,AWS
uksouth,windows,MicrosoftWindowsServer-WindowsServer-2019-datacenter-gensecond-17763.5696.240406,172.167.130.2,10.0.0.4,20/09/2024 01:44,arup-compute,AZURE_ARM
uksouth,linux,Canonical-0001-com-ubuntu-server-focal-20_04-lts-gen2-20.04.202312080,172.167.195.26,10.0.3.4,19/01/2024 16:02,arup-it-dev,AZURE_ARM
uksouth,windows,MicrosoftWindowsServer-WindowsServer-2019-Datacenter-17763.6659.241205,172.167.229.62,10.2.0.4,16/12/2024 06:52,arup-it-production-open,AZURE_ARM
eastus,linux,cisco-cisco-c8000v-17_06_03a-byol-17.06.0320220429,172.174.163.182,10.191.2.20,28/02/2023 14:59,arup-it-core,AZURE_ARM
uksouth,linux,canonical-0001-com-ubuntu-server-jammy-22_04-lts-gen2-22.04.202403280,172.187.171.112,10.1.0.4,04/10/2024 01:59,arup-it-test,AZURE_ARM
uksouth,linux,canonical-0001-com-ubuntu-pro-jammy-pro-22_04-lts-gen2-22.04.202307140,172.187.179.243,10.0.3.4,17/07/2023 10:51,arup-it-dev,AZURE_ARM
uksouth,linux,silver-peak-systems-silver_peak_edgeconnect-edgeconnect_9_2_4_0_94650-9.2.4,172.187.208.29,10.126.1.20,11/06/2024 13:19,arup-it-core,AZURE_ARM
uksouth,windows,MicrosoftWindowsServer-WindowsServer-2019-Datacenter-17763.4499.230621,172.187.210.224,10.126.112.116,28/06/2023 02:43,arup-it-production-open,AZURE_ARM
uksouth,linux,silver-peak-systems-silver_peak_edgeconnect-edgeconnect_9_2_4_0_94650-9.2.4,172.187.88.98,10.126.1.21,11/06/2024 13:52,arup-it-core,AZURE_ARM
southeastasia,windows,MicrosoftWindowsServer-WindowsServer-2022-datacenter-azure-edition-20348.2700.240905,172.188.44.130,10.0.0.4,01/10/2024 04:14,BIM Design,AZURE_ARM
eastus,linux,cisco-cisco-asav-asav-azure-byol-9142215.0.0,172.190.60.175,10.191.96.12,16/06/2023 14:57,arup-it-production-open,AZURE_ARM
eastus,linux,cisco-cisco-asav-asav-azure-byol-920210.0.0,172.191.209.105,10.191.96.13,02/10/2024 07:19,arup-it-production-open,AZURE_ARM
eastus,linux,cisco-cisco-resource-connector-cisco-secure-access-resource-connector-2.0.3,172.191.32.122,10.191.64.4,07/01/2025 13:44,arup-it-test,AZURE_ARM
westeurope,linux,silver-peak-systems-silver_peak_edgeconnect-edgeconnect_9_2_4_0_94650-9.2.4,172.205.213.61,10.251.129.20,16/04/2024 13:45,arup-it-core,AZURE_ARM
southafricawest,linux,silver-peak-systems-silver_peak_edgeconnect-edgeconnect_9_2_4_0_94650-9.2.4,172.209.16.65,10.95.129.69,26/06/2024 12:14,arup-it-core,AZURE_ARM
southafricawest,linux,silver-peak-systems-silver_peak_edgeconnect-edgeconnect_9_2_4_0_94650-9.2.4,172.209.17.91,10.95.129.68,26/06/2024 11:45,arup-it-core,AZURE_ARM
eastus,linux,canonical-ubuntu-24_04-lts-server-24.04.202411030,172.210.28.231,10.1.0.4,17/12/2024 04:26,arup-it-uat,AZURE_ARM
northcentralus,linux,canonical-ubuntu-24_04-lts-server-24.04.202407160,172.214.133.224,10.0.0.4,25/07/2024 20:51,arup-it-sandpit,AZURE_ARM
northcentralus,linux,silver-peak-systems-silver_peak_edgeconnect-edgeconnect_9_2_4_0_94650-9.2.4,172.214.198.38,10.190.1.21,28/05/2024 11:15,arup-it-core,AZURE_ARM
northcentralus,linux,cisco-cisco-asav-asav-azure-byol-920210.0.0,172.214.233.32,10.190.125.12,02/10/2024 12:13,arup-it-production-open,AZURE_ARM
northcentralus,linux,cisco-cisco-asav-asav-azure-byol-920210.0.0,172.214.236.229,10.190.125.13,27/09/2024 15:20,arup-it-production-open,AZURE_ARM
us-east-2,linux,ami-02238ac43d6385ab3,18.118.210.95,172.31.1.132,11/03/2023 11:44,arup-amx-weathershift-prod,AWS
eu-west-2,linux,ami-09fcffd587ea1b5ba,18.132.138.15,100.64.127.244,17/02/2022 09:25,arup-networking,AWS
eu-west-2,linux,ami-09fcffd587ea1b5ba,18.132.170.19,100.64.127.234,21/02/2022 18:48,arup-networking,AWS
eu-west-2,linux,ami-00aaf7bad1550a431,18.132.20.26,172.31.18.38,14/02/2023 17:54,arup-ukimea-climate-toolkit-prod,AWS
eu-west-2,linux,ami-00aaf7bad1550a431,18.133.109.38,172.31.28.72,19/08/2021 04:41,arup-ukimea-climate-toolkit-prod,AWS
eu-west-2,linux,ami-0c5995b33fdf36bef,18.133.231.221,10.0.1.185,10/11/2021 22:03,arup-global-speckle-prod,AWS
eu-west-2,linux,ami-096cb92bb3580c759,18.135.149.141,172.31.21.106,19/08/2021 04:41,arup-ukimea-climate-toolkit-prod,AWS
ap-southeast-1,linux,ami-05a42cd504e9d2f85,18.142.215.67,10.88.1.20,26/07/2022 15:41,arup-ear-cfd-dev-test,AWS
ap-southeast-1,linux,ami-0b2ffa433461eafbf,18.142.220.189,10.88.1.22,12/06/2024 06:50,arup-ear-cfd-dev-test,AWS
ap-southeast-1,linux,ami-0b2ffa433461eafbf,18.142.234.72,10.88.1.6,21/07/2024 08:26,arup-ear-cfd-dev-test,AWS
eu-central-1,linux,ami-04dfd853d88e818e8,18.153.236.21,172.17.8.79,04/03/2024 09:28,arup-eur-trauntwin-dev-test,AWS
eu-central-1,linux,ami-0594d7ac31b7b7cbf,18.157.75.110,10.0.3.172,12/01/2025 03:25,arup-eur-germany-cfd-prod,AWS
eu-central-1,linux,ami-0594d7ac31b7b7cbf,18.158.140.46,10.0.2.62,30/07/2024 23:11,arup-eur-germany-cfd-prod,AWS
eu-central-1,linux,ami-0594d7ac31b7b7cbf,18.158.81.125,10.0.3.136,19/01/2025 11:54,arup-eur-germany-cfd-prod,AWS
ap-east-1,linux,ami-0a1e5cca1fa999d46,18.162.202.230,10.0.1.81,16/06/2023 10:11,arup-ear-transport-cdp-dev-test,AWS
ap-east-1,linux,ami-0f7ee13b4723c149f,18.162.73.159,10.0.1.101,04/08/2022 15:33,arup-ear-hk-cfd-prod,AWS
ap-east-1,linux,ami-0a1e5cca1fa999d46,18.163.243.75,10.0.1.242,17/06/2023 04:21,arup-ear-transport-cdp-dev-test,AWS
ap-east-1,linux,ami-062bfda0b5720ee9c,18.166.130.45,10.146.42.29,04/10/2024 01:56,arup-ear-carbonemissions-dev-test,AWS
ap-east-1,linux,ami-0b90a63eb3b84086f,18.166.188.196,10.0.1.140,05/08/2022 07:21,arup-ear-hk-cfd-prod,AWS
ap-east-1,linux,ami-09b252924449d82f9,18.166.199.107,172.31.11.16,16/07/2024 03:56,arup-ear-lmpit-prod,AWS
ap-east-1,linux,ami-01412724cbc6252ef,18.167.216.189,10.0.2.218,16/09/2024 02:16,arup-ear-aiib-dev-test,AWS
ap-east-1,windows,ami-000198657c44e2f14,18.167.243.150,172.31.42.227,26/09/2022 03:41,arup-ear-epd-cnmp-dev-test,AWS
eu-west-2,linux,ami-0b594cc165f9cddaa,18.169.38.161,10.0.1.141,01/08/2023 10:41,arup-ukimea-climate-toolkit-dev-test,AWS
eu-west-2,linux,ami-0e80a462ede03e653,18.170.118.160,10.0.2.98,11/02/2021 11:22,arup-eur-ams-digital-prod,AWS
eu-west-2,windows,ami-0f34584723e6f6fa9,18.170.175.56,10.119.64.21,25/08/2021 05:24,arup-ukimea-transport-mm-prod,AWS
eu-central-1,linux,ami-0594d7ac31b7b7cbf,18.196.243.92,10.0.2.21,15/10/2024 15:24,arup-eur-germany-cfd-prod,AWS
eu-central-1,linux,ami-0594d7ac31b7b7cbf,18.197.185.241,10.0.2.205,29/05/2024 17:54,arup-eur-germany-cfd-prod,AWS
eu-west-1,windows,ami-0f95b2038493683f7,18.201.171.177,10.0.2.100,16/12/2024 14:10,arup-global-oasys-automation-prod,AWS
eu-west-1,linux,ami-0450bfd9dee9bca43,18.202.226.85,10.0.3.131,31/01/2025 16:51,arup-global-test,AWS
eu-west-1,windows,ami-0531922bc56dc0d2f,18.203.150.232,10.0.1.130,24/01/2022 11:38,arup-ukimea-mes-rsvt-dev-test,AWS
eu-west-1,windows,ami-0cb95c5abd478db71,18.203.151.34,10.122.96.225,23/09/2021 05:02,arup-aws-security-logs,AWS
us-east-1,linux,ami-063d43db0594b521b,18.210.154.196,10.0.3.163,11/11/2024 12:13,arup-amx-vdot-shared-dev,AWS
us-east-2,linux,ami-009cdd85cf7f30fd0,18.222.205.98,172.31.28.177,16/10/2023 18:51,arup-amx-weathershift-prod,AWS
us-east-1,linux,ami-0022f774911c1d690,184.72.83.65,10.123.68.13,14/06/2022 18:19,arup-amr-ade-apps-prod,AWS
uksouth,linux,canonical-0001-com-ubuntu-server-focal-20_04-lts-gen2-20.04.202312080,20.0.123.139,10.0.0.4,26/01/2024 13:25,arup-it-sandpit,AZURE_ARM
uksouth,linux,cisco-cisco-resource-connector-cisco-secure-access-resource-connector-2.0.3,20.0.249.66,10.126.64.148,07/01/2025 15:09,arup-it-test,AZURE_ARM
canadaeast,linux,cisco-cisco-c8000v-17_06_03a-byol-17.06.0320220429,20.104.134.235,10.187.130.21,22/02/2023 12:55,arup-it-core,AZURE_ARM
australiasoutheast,linux,cisco-cisco-asav-asav-azure-byol-913.1.0,20.11.136.124,10.61.115.12,16/05/2024 21:57,arup-it-production-open,AZURE_ARM
australiaeast,linux,silver-peak-systems-silver_peak_edgeconnect-edgeconnect_9_2_4_0_94650-9.2.4,20.11.19.190,10.61.129.21,02/07/2024 11:38,arup-it-core,AZURE_ARM
uksouth,linux,cisco-cisco-asav-asav-azure-byol-9142215.0.0,20.117.145.234,10.126.120.4,08/07/2022 02:56,arup-it-production-open,AZURE_ARM
northeurope,linux,silver-peak-systems-silver_peak_edgeconnect-edgeconnect_9_2_4_0_94650-9.2.4,20.123.92.69,10.251.1.21,23/05/2024 09:22,arup-it-core,AZURE_ARM
eastus,linux,silver-peak-systems-silver_peak_edgeconnect-edgeconnect_9_2_4_0_94650-9.2.4,20.127.216.45,10.191.1.21,24/05/2024 10:41,arup-it-core,AZURE_ARM
canadacentral,linux,cisco-cisco-c8000v-17_06_03a-byol-17.06.0320220429,20.151.237.140,10.187.2.20,22/02/2023 10:21,arup-it-core,AZURE_ARM
westeurope,windows,MicrosoftWindowsServer-WindowsServer-2016-Datacenter-2016.127.20181010,20.160.33.139,10.0.0.4,23/10/2024 01:31,DW-DEV,AZURE_ARM
eastus,linux,netapp-netapp-oncommand-cloud-manager-occm-byol-3.947.1,20.169.232.249,10.191.111.13,14/01/2025 16:58,arup-it-production-open,AZURE_ARM
australiasoutheast,windows,MicrosoftWindowsServer-WindowsServer-2019-Datacenter-17763.4377.230505,20.190.103.49,10.61.117.4,16/05/2024 21:57,arup-it-production-open,AZURE_ARM
southeastasia,linux,cisco-cisco-asav-asav-azure-byol-9161.0.0,20.191.153.68,10.205.209.76,13/10/2021 12:19,arup-it-production-open,AZURE_ARM
australiaeast,windows,arup-wvd-custom-images-prod-rg|Microsoft.Compute-WVD_Shared_Image_Gallery-Qeep-App-3.0-IDF,20.193.15.86,10.61.173.22,25/01/2023 09:17,arup-it-dev,AZURE_ARM
southeastasia,linux,cisco-cisco-csr-1000v-17_3_2-byol-17.3.220201106,20.195.42.244,10.205.130.20,13/10/2021 12:03,arup-it-core,AZURE_ARM
southeastasia,linux,cisco-cisco-csr-1000v-17_3_2-byol-17.3.220201106,20.198.168.129,10.205.130.21,13/10/2021 12:03,arup-it-core,AZURE_ARM
eastasia,windows,MicrosoftWindowsServer-WindowsServer-2019-Datacenter-17763.6414.241004,20.2.168.177,10.205.112.204,12/11/2024 14:22,arup-it-production-open,AZURE_ARM
eastasia,linux,cisco-cisco-asav-asav-azure-byol-920210.0.0,20.2.192.146,10.205.112.45,08/11/2024 09:50,arup-it-production-open,AZURE_ARM
eastasia,windows,MicrosoftWindowsServer-WindowsServer-2019-Datacenter-17763.6532.241101,20.2.8.238,10.205.48.20,27/11/2024 07:08,arup-it-dev,AZURE_ARM
eastasia,linux,silver-peak-systems-silver_peak_edgeconnect-edgeconnect_9_2_4_0_94650-9.2.4,20.205.129.79,10.205.1.69,09/09/2024 08:38,arup-it-core,AZURE_ARM
eastasia,linux,canonical-0001-com-ubuntu-server-jammy-22_04-lts-gen2-22.04.202408300,20.205.131.175,10.1.0.4,04/09/2024 06:28,arup-it-uat,AZURE_ARM
australiaeast,windows,MicrosoftWindowsServer-WindowsServer-2019-Datacenter-17763.4377.230505,20.211.85.145,10.61.218.4,06/06/2023 08:55,arup-it-production-open,AZURE_ARM
southeastasia,linux,silver-peak-systems-silver_peak_edgeconnect-edgeconnect_9_2_4_0_94650-9.2.4,20.212.233.68,10.205.129.21,30/08/2024 10:02,arup-it-core,AZURE_ARM
australiaeast,linux,canonical-0001-com-ubuntu-server-jammy-22_04-lts-gen2-22.04.202307250,20.213.119.224,10.61.223.107,11/08/2023 01:37,arup-it-production-open,AZURE_ARM
australiaeast,linux,cisco-cisco-asav-asav-azure-byol-9142215.0.0,20.213.145.187,10.61.213.4,25/01/2023 09:57,arup-it-production-open,AZURE_ARM
australiaeast,linux,ribboncommunications-ribbon_sbc_swe-lite_vm-ribbon_sbc_swe-lite_vm_release-11.0001.47,20.213.16.204,10.61.217.4,24/04/2023 12:02,arup-it-production-open,AZURE_ARM
australiaeast,windows,MicrosoftWindowsServer-WindowsServer-2019-Datacenter-17763.4737.230802,20.213.162.210,10.61.208.132,09/08/2023 12:25,arup-it-production-open,AZURE_ARM
canadacentral,linux,silver-peak-systems-silver_peak_edgeconnect-edgeconnect_9_2_4_0_94650-9.2.4,20.220.16.212,10.187.1.21,29/05/2024 11:29,arup-it-core,AZURE_ARM
canadaeast,linux,cisco-cisco-c8000v-17_06_03a-byol-17.06.0320220429,20.220.90.157,10.187.130.20,31/01/2023 15:46,arup-it-core,AZURE_ARM
westeurope,windows,MicrosoftWindowsDesktop-Windows-10-win10-21h2-pro-g2-19044.2132.221015,20.224.192.155,10.1.0.4,31/10/2023 16:02,BIM Design,AZURE_ARM
centralindia,linux,cisco-cisco-asav-asav-azure-byol-9142215.0.0,20.235.106.64,10.192.1.12,07/07/2023 12:36,arup-it-production-open,AZURE_ARM
northcentralus,linux,silver-peak-systems-silver_peak_edgeconnect-edgeconnect_9_2_4_0_94650-9.2.4,20.25.198.190,10.190.1.20,28/05/2024 10:44,arup-it-core,AZURE_ARM
ukwest,linux,canonical-0001-com-ubuntu-server-focal-20_04-lts-gen2-20.04.202211151,20.254.155.157,10.0.1.4,01/12/2022 16:33,BIM Design,AZURE_ARM
eastasia,linux,cisco-cisco-asav-asav-azure-byol-920210.0.0,20.255.153.140,10.205.112.46,08/11/2024 09:50,arup-it-production-open,AZURE_ARM
eastasia,linux,canonical-0001-com-ubuntu-server-focal-20_04-lts-gen2-20.04.202301130,20.255.63.117,10.1.0.5,05/10/2024 01:43,arup-it-sandpit,AZURE_ARM
uksouth,linux,canonical-0001-com-ubuntu-server-focal-20_04-lts-gen2-20.04.202305150,20.26.239.226,10.0.1.5,15/06/2023 10:54,arup-it-dev,AZURE_ARM
australiacentral,linux,canonical-0001-com-ubuntu-server-jammy-22_04-lts-gen2-22.04.202408010,20.28.50.62,10.0.0.4,18/08/2024 15:44,arup-it-production-open,AZURE_ARM
northeurope,linux,cisco-cisco-csr-1000v-16_12-byol-16.12.120190816,20.54.82.125,10.251.2.21,13/10/2021 12:03,arup-it-core,AZURE_ARM
westeurope,linux,cisco-cisco-csr-1000v-17_3_1a-byol-17.3.120201009,20.56.26.249,10.251.130.20,26/03/2022 00:44,arup-it-core,AZURE_ARM
uksouth,linux,tenable-tenablecorenessus-tenablecorenessusbyol-2021.06.29,20.58.25.35,10.1.1.4,29/10/2021 14:36,arup-it-production-open,AZURE_ARM
eastasia,windows,MicrosoftWindowsServer-WindowsServer-2019-Datacenter-17763.5458.240206,20.6.232.134,10.205.49.7,12/03/2024 09:50,arup-it-dev,AZURE_ARM
eastasia,windows,MicrosoftWindowsServer-WindowsServer-2019-Datacenter-17763.5936.240607,20.6.232.199,10.205.49.6,12/03/2024 09:50,arup-it-dev,AZURE_ARM
southeastasia,linux,silver-peak-systems-silver_peak_edgeconnect-edgeconnect_9_2_4_0_94650-9.2.4,20.6.88.246,10.205.129.20,30/08/2024 09:03,arup-it-core,AZURE_ARM
southcentralus,linux,silver-peak-systems-silver_peak_edgeconnect-edgeconnect_9_2_4_0_94650-9.2.4,20.64.86.29,10.190.129.21,11/06/2024 06:22,arup-it-core,AZURE_ARM
australiasoutheast,linux,cisco-cisco-asav-asav-azure-byol-9142215.0.0,20.70.124.155,10.61.115.13,16/05/2024 21:57,arup-it-production-open,AZURE_ARM
australiaeast,linux,cisco-cisco-csr-1000v-17_3_2-byol-17.3.220201106,20.70.200.216,10.61.130.20,25/01/2023 09:28,arup-it-core,AZURE_ARM
uksouth,linux,oasys-image,20.77.154.97,10.126.113.212,13/10/2021 12:19,arup-it-production-open,AZURE_ARM
westeurope,linux,OpenLogic-CentOS-HPC-7_9-gen2-7.9.2022040101,20.86.150.4,10.0.0.13,20/09/2024 01:42,arup-it-dev,AZURE_ARM
southafricanorth,linux,cisco-cisco-asav-asav-azure-byol-9142215.0.0,20.87.222.226,10.95.96.12,13/06/2023 11:53,arup-it-production-open,AZURE_ARM
northcentralus,windows,MicrosoftWindowsServer-WindowsServer-2019-Datacenter-17763.4737.230802,20.88.25.17,10.190.122.4,09/08/2023 12:25,arup-it-production-open,AZURE_ARM
uksouth,linux,ribboncommunications-ribbon_sbc_swe-lite_vm-ribbon_sbc_swe-lite_vm_release-12.110147.00,20.90.75.176,10.126.114.116,14/09/2023 02:57,arup-it-production-open,AZURE_ARM
australiaeast,linux,silver-peak-systems-silver_peak_edgeconnect-edgeconnect_9_2_4_0_94650-9.2.4,20.92.251.229,10.61.129.20,02/07/2024 11:09,arup-it-core,AZURE_ARM
northeurope,windows,MicrosoftWindowsServer-WindowsServer-2022-Datacenter-20348.1906.230803,23.100.60.86,10.251.87.5,17/08/2023 07:53,arup-it-uat,AZURE_ARM
australiasoutheast,linux,OpenLogic-CentOs-7.5-7.5.20180815,23.101.225.141,10.1.0.4,13/10/2021 13:02,arup-it-test,AZURE_ARM
us-east-1,linux,ami-085925f297f89fce1,23.22.22.151,10.122.179.241,11/02/2021 11:24,AMX Digital,AWS
northcentralus,linux,cisco-cisco-csr-1000v-16_12-byol-16.12.120190816,23.96.224.53,10.190.2.20,13/10/2021 12:03,arup-it-core,AZURE_ARM
northcentralus,linux,cisco-cisco-csr-1000v-16_12-byol-16.12.120190816,23.96.226.18,10.190.2.21,13/10/2021 12:03,arup-it-core,AZURE_ARM
ap-southeast-2,linux,ami-0aac1c56a5a7e77e9,3.104.142.177,172.20.3.180,12/09/2024 23:43,arup-au-sydney-cfd-prod,AWS
ap-southeast-2,linux,ami-0652aa31044228241,3.104.222.6,172.20.1.107,17/11/2024 22:49,arup-au-sydney-cfd-prod,AWS
ap-southeast-2,linux,ami-07160e495889a7d7b,3.106.133.102,10.1.103.87,04/10/2024 02:37,arup-au-ade-shared-external,AWS
ap-southeast-2,windows,ami-0f9cdea881cc8ae59,3.107.102.60,10.122.49.90,05/02/2025 22:09,Aus Digital,AWS
eu-central-1,linux,ami-0594d7ac31b7b7cbf,3.124.175.220,10.0.2.92,21/10/2024 10:06,arup-eur-germany-cfd-prod,AWS
us-east-1,linux,ami-07cef8f45881b2b1c,3.239.172.106,10.0.1.42,03/05/2024 22:20,arup-amx-vdot-shared-dev,AWS
ap-southeast-2,linux,ami-0652aa31044228241,3.24.161.197,172.20.1.251,28/08/2024 09:46,arup-au-sydney-cfd-prod,AWS
ap-southeast-2,linux,ami-079a35fdebc8949ee,3.24.54.181,172.20.1.102,04/06/2024 06:15,arup-au-sydney-cfd-prod,AWS
eu-west-1,windows,ami-07da0250e5552b1e4,3.248.135.116,10.122.96.77,28/04/2023 09:58,arup-aws-security-logs,AWS
eu-west-1,linux,ami-05e786af422f8082a,3.248.220.90,172.31.20.20,05/12/2022 10:02,arup-aws-security-logs,AWS
eu-west-1,linux,ami-0437b321a233cc53c,3.248.232.153,192.168.42.36,09/12/2024 04:36,arup-ukimea-ade-pi-dev-test,AWS
eu-west-1,windows,ami-00dfa96e20f0f3401,3.249.214.160,10.0.2.203,05/02/2025 22:27,arup-global-oasys-automation-prod,AWS
eu-west-1,linux,ami-0c669fe429b4cf93d,3.249.219.116,10.0.1.91,10/01/2022 13:00,arup-global-speckle-prod,AWS
ap-southeast-2,linux,ami-079a35fdebc8949ee,3.25.2.238,172.20.1.7,15/11/2024 02:11,arup-au-sydney-cfd-prod,AWS
eu-west-1,linux,ami-0ce896d9a1d1ad906,3.252.132.189,10.0.1.95,03/02/2025 14:09,arup-digital-bus-method-prod,AWS
eu-west-1,windows,ami-09367cb512d8a2ee4,3.252.189.25,10.0.1.141,23/06/2023 08:48,arup-ukimea-ddb-prod,AWS
eu-west-1,linux,ami-0437b321a233cc53c,3.252.217.145,192.168.68.60,09/12/2024 04:36,arup-ukimea-ade-pi-dev-test,AWS
eu-west-1,linux,ami-0450bfd9dee9bca43,3.252.66.214,10.0.2.47,31/01/2025 16:51,arup-global-test,AWS
eu-west-1,windows,ami-0331a56cb690cdc34,3.253.155.206,10.0.2.126,05/02/2025 22:27,arup-global-oasys-automation-prod,AWS
eu-west-1,windows,ami-00dfa96e20f0f3401,3.254.158.241,10.0.2.184,05/02/2025 22:27,arup-global-oasys-automation-prod,AWS
eu-west-1,windows,ami-0a52bfa95ab2731b2,3.254.211.15,10.0.2.169,04/10/2024 10:12,arup-global-oasys-automation-prod,AWS
eu-west-1,windows,ami-0a0bc85957bac5194,3.255.132.73,10.0.3.152,10/01/2025 10:35,arup-global-oasys-automation-prod,AWS
eu-west-1,linux,ami-06935448000742e6b,3.255.199.82,10.0.102.154,27/09/2024 01:52,arup-ukimea-dhub-prod,AWS
eu-west-1,linux,ami-06ce3edf0cff21f07,3.255.94.236,10.119.5.12,11/02/2021 11:22,arup-ukimea-nwy-devopps-prod,AWS
ap-southeast-2,linux,ami-09825374904820651,3.26.26.147,10.124.0.40,16/02/2023 04:19,arup-management-master,AWS
eu-central-1,linux,ami-0594d7ac31b7b7cbf,3.64.103.199,10.0.2.121,12/01/2025 03:25,arup-eur-germany-cfd-prod,AWS
eu-central-1,linux,ami-0594d7ac31b7b7cbf,3.67.28.235,10.0.2.70,28/06/2024 08:32,arup-eur-germany-cfd-prod,AWS
eu-central-1,linux,ami-0594d7ac31b7b7cbf,3.74.104.114,10.0.2.222,26/06/2024 15:56,arup-eur-germany-cfd-prod,AWS
eu-central-1,linux,ami-0594d7ac31b7b7cbf,3.75.158.79,10.0.2.161,28/07/2024 23:02,arup-eur-germany-cfd-prod,AWS
eu-central-1,linux,ami-0594d7ac31b7b7cbf,3.76.167.3,10.0.2.144,29/10/2024 11:19,arup-eur-germany-cfd-prod,AWS
eu-central-1,linux,ami-0594d7ac31b7b7cbf,3.77.206.141,10.0.1.100,12/01/2025 03:25,arup-eur-germany-cfd-prod,AWS
eu-central-1,linux,ami-0594d7ac31b7b7cbf,3.79.133.227,10.0.2.147,27/11/2024 17:12,arup-eur-germany-cfd-prod,AWS
us-east-1,linux,ami-0022f774911c1d690,3.82.51.11,10.123.68.10,23/05/2022 19:15,arup-amr-ade-apps-prod,AWS
us-east-1,linux,ami-0aeeebd8d2ab47354,3.92.65.156,10.122.178.56,18/08/2021 14:48,AMX Digital,AWS
ca-central-1,linux,ami-0c6d358ee9e264ff1,3.96.243.29,10.0.2.159,12/09/2024 16:54,arup-amx-oncorr-ai-dev,AWS
ca-central-1,windows,ami-07553bd4d4f4de5c6,3.96.29.42,10.0.2.58,26/11/2024 16:39,arup-amx-oncorr-ai-dev,AWS
us-east-1,linux,ami-0ad7e69b609c9bdaa,34.201.152.36,10.122.177.67,11/02/2021 11:24,AMX Digital,AWS
us-east-1,linux,ami-0e001c9271cf7f3b9,34.201.55.149,10.0.3.191,12/06/2024 19:55,arup-amx-vdot-shared-dev,AWS
us-east-1,linux,ami-bcbfb9c7,34.204.158.226,100.64.127.253,11/02/2021 11:25,arup-networking,AWS
us-east-1,linux,ami-01cc34ab2709337aa,34.205.142.151,10.122.179.24,09/11/2021 17:15,AMX Digital,AWS
us-west-2,linux,ami-04b762b4289fba92b,34.219.163.190,10.0.1.20,11/02/2021 11:18,arup-amx-atr-dev-test,AWS
eu-west-1,linux,ami-057b6e529186a8233,34.240.194.94,10.119.3.17,30/08/2023 12:24,arup-eur-ams-digital-prod,AWS
eu-west-1,linux,ami-0d4edc9acce4f3bb8,34.240.206.7,10.0.101.83,06/11/2024 19:18,arup-eur-irl-cfd-prod,AWS
eu-west-1,linux,ami-0d4edc9acce4f3bb8,34.240.77.189,10.0.101.53,30/04/2024 16:08,arup-eur-irl-cfd-prod,AWS
eu-west-1,windows,ami-00dfa96e20f0f3401,34.242.162.137,10.0.2.215,06/02/2025 00:02,arup-global-oasys-automation-prod,AWS
eu-west-1,windows,ami-0cee43a048e77eb6b,34.243.59.134,10.0.2.83,24/08/2023 08:43,arup-global-oasys-automation-prod,AWS
eu-west-1,linux,ami-0450bfd9dee9bca43,34.244.125.27,10.0.3.110,31/01/2025 16:51,arup-global-test,AWS
eu-west-1,linux,ami-096800910c1b781ba,34.244.15.187,10.0.1.238,10/10/2022 20:23,arup-ukimea-inspire-prod,AWS
eu-west-1,linux,ami-07a4c6232c4e5a0ec,34.244.70.195,10.0.2.153,04/01/2025 15:28,arup-ukimea-pi-prod,AWS
eu-west-1,windows,ami-0331a56cb690cdc34,34.244.75.32,10.0.2.202,05/02/2025 22:27,arup-global-oasys-automation-prod,AWS
eu-west-1,windows,ami-0331a56cb690cdc34,34.245.189.209,10.0.2.119,05/02/2025 22:27,arup-global-oasys-automation-prod,AWS
eu-west-1,windows,ami-0a51ebad5dc32520e,34.247.13.61,10.0.2.153,21/01/2025 09:12,arup-global-oasys-automation-prod,AWS
eu-west-1,linux,ami-080549aec8d628cee,34.247.61.115,172.31.44.127,01/12/2021 21:29,arup-ukimea-ade-pi-dev-test,AWS
eu-west-1,windows,ami-00dfa96e20f0f3401,34.252.204.134,10.0.2.241,06/02/2025 00:02,arup-global-oasys-automation-prod,AWS
eu-west-1,windows,ami-0331a56cb690cdc34,34.253.225.118,10.0.2.38,05/02/2025 22:27,arup-global-oasys-automation-prod,AWS
eu-west-1,linux,ami-07a4c6232c4e5a0ec,34.253.252.43,10.0.2.134,14/01/2025 07:51,arup-ukimea-pi-prod,AWS
eu-west-1,windows,ami-05d047f38a4eb1269,34.254.223.31,10.0.2.200,26/11/2024 14:53,arup-global-oasys-automation-prod,AWS
eu-west-1,windows,ami-02a85d6454c9e1601,34.255.191.177,10.0.2.32,31/01/2025 03:54,arup-global-oasys-automation-prod,AWS
eu-west-1,linux,ami-02ddbdbadd6e3805e,34.255.61.236,10.119.3.84,11/02/2021 11:23,arup-eur-ams-digital-prod,AWS
us-east-1,linux,ami-02354e95b39ca8dec,35.175.217.233,10.122.179.204,11/02/2021 11:24,AMX Digital,AWS
eu-west-2,linux,ami-0837dc6a4bf604db7,35.179.144.99,172.31.7.79,05/02/2025 20:16,arup-ukimea-dsa-floodlight-dev-test,AWS
eu-west-2,linux,ami-0aa9ffd4190a83e11,35.179.153.8,10.0.1.219,05/02/2025 08:02,arup-ukimea-giraffe-prod,AWS
canadacentral,linux,canonical-0001-com-ubuntu-server-jammy-22_04-lts-gen2-22.04.202410020,4.172.208.228,10.0.3.4,19/11/2024 19:04,arup-it-production-open,AZURE_ARM
canadacentral,linux,silver-peak-systems-silver_peak_edgeconnect-edgeconnect_9_2_4_0_94650-9.2.4,4.172.249.163,10.187.1.20,29/05/2024 10:59,arup-it-core,AZURE_ARM
australiasoutheast,linux,ribboncommunications-ribbon_sbc_swe-lite_vm-ribbon_sbc_swe-lite_vm_release-12.0000.029,4.198.73.223,10.61.121.4,16/05/2024 21:57,arup-it-production-open,AZURE_ARM
canadacentral,linux,canonical-0001-com-ubuntu-server-jammy-22_04-lts-gen2-22.04.202409130,4.204.8.249,10.0.3.4,19/09/2024 08:07,arup-it-dev,AZURE_ARM
canadacentral,linux,cisco-cisco-c8000v-17_06_03a-byol-17.06.0320220429,4.206.202.156,10.187.2.21,22/02/2023 10:21,arup-it-core,AZURE_ARM
japaneast,linux,silver-peak-systems-silver_peak_edgeconnect-edgeconnect_9_2_4_0_94650-9.2.4,4.215.197.8,10.203.1.69,26/07/2024 13:07,arup-it-core,AZURE_ARM
japaneast,linux,cisco-cisco-asav-asav-azure-byol-9142215.0.0,4.216.171.96,10.203.10.20,26/04/2023 06:35,arup-it-production-open,AZURE_ARM
southafricanorth,linux,silver-peak-systems-silver_peak_edgeconnect-edgeconnect_9_2_4_0_94650-9.2.4,4.222.185.124,10.95.1.68,27/06/2024 10:45,arup-it-core,AZURE_ARM
canadaeast,linux,silver-peak-systems-silver_peak_edgeconnect-edgeconnect_9_2_4_0_94650-9.2.4,4.239.107.209,10.187.129.20,29/05/2024 13:04,arup-it-core,AZURE_ARM
canadaeast,linux,silver-peak-systems-silver_peak_edgeconnect-edgeconnect_9_2_4_0_94650-9.2.4,4.248.54.191,10.187.129.21,29/05/2024 13:04,arup-it-core,AZURE_ARM
northeurope,linux,cisco-cisco-csr-1000v-16_12-byol-16.12.120190816,40.113.36.88,10.251.2.20,13/10/2021 12:03,arup-it-core,AZURE_ARM
southafricawest,linux,cisco-cisco-c8000v-17_06_03a-byol-17.06.0320220429,40.117.9.217,10.95.130.21,14/03/2024 12:55,arup-it-core,AZURE_ARM
southafricawest,linux,cisco-cisco-c8000v-17_06_03a-byol-17.06.0320220429,40.117.9.244,10.95.130.20,14/03/2024 12:55,arup-it-core,AZURE_ARM
southcentralus,linux,silver-peak-systems-silver_peak_edgeconnect-edgeconnect_9_2_4_0_94650-9.2.4,40.124.140.135,10.190.129.20,28/05/2024 14:15,arup-it-core,AZURE_ARM
southafricanorth,linux,silver-peak-systems-silver_peak_edgeconnect-edgeconnect_9_2_4_0_94650-9.2.4,40.127.12.83,10.95.1.69,27/06/2024 10:45,arup-it-core,AZURE_ARM
uksouth,windows,MicrosoftWindowsServer-WindowsServer-2019-Datacenter-17763.4974.231003,40.81.128.190,10.126.127.107,28/09/2024 02:09,arup-it-production-open,AZURE_ARM
australiaeast,linux,cisco-cisco-csr-1000v-17_3_2-byol-17.3.220201106,40.82.213.40,10.61.130.21,25/01/2023 09:28,arup-it-core,AZURE_ARM
westus,linux,cisco-cisco-c8000v-17_06_03a-byol-17.06.0320220429,40.83.179.165,10.191.130.21,01/03/2023 12:32,arup-it-core,AZURE_ARM
westus,linux,cisco-cisco-c8000v-17_06_03a-byol-17.06.0320220429,40.86.162.101,10.191.130.20,01/03/2023 12:32,arup-it-core,AZURE_ARM
ap-east-1,linux,ami-01412724cbc6252ef,43.198.130.224,10.0.3.221,28/08/2024 09:40,arup-ear-aiib-dev-test,AWS
ap-east-1,linux,ami-0a1e5cca1fa999d46,43.198.65.16,10.0.1.207,09/06/2023 08:26,arup-ear-transport-cdp-dev-test,AWS
ap-east-1,linux,ami-0d564a68f64a7542e,43.198.8.225,10.0.14.198,26/08/2024 07:17,arup-ear-noise-ai-app-prod,AWS
ap-east-1,linux,ami-08d062d1755c98ea2,43.199.48.196,10.0.3.155,26/11/2024 20:07,arup-ear-aiib-dev-test,AWS
eu-west-1,windows,ami-0b6f2b8edc900e689,46.137.46.132,10.0.2.131,16/12/2024 14:10,arup-global-oasys-automation-prod,AWS
eu-west-1,windows,ami-06938675032090695,46.137.59.101,10.122.96.99,03/11/2021 10:59,arup-aws-security-logs,AWS
westeurope,linux,canonical-0001-com-ubuntu-server-focal-20_04-lts-gen2-20.04.202302090,51.105.246.251,10.0.0.4,31/10/2023 08:56,arup-it-dev,AZURE_ARM
uksouth,windows,MicrosoftWindowsServer-WindowsServer-2019-Datacenter-17763.4737.230802,51.11.165.215,10.126.113.52,09/08/2023 13:21,arup-it-production-open,AZURE_ARM
uksouth,linux,cisco-cisco-csr-1000v-16_12-byol-16.12.120190816,51.11.187.204,10.126.2.21,13/10/2021 12:03,arup-it-core,AZURE_ARM
uksouth,linux,cisco-cisco-csr-1000v-16_12-byol-16.12.120190816,51.11.187.226,10.126.2.26,13/10/2021 12:03,arup-it-core,AZURE_ARM
swedencentral,windows,MicrosoftWindowsServer-WindowsServer-2019-datacenter-gensecond-17763.5122.231109,51.12.250.92,10.0.0.4,07/12/2023 17:25,ITG Automation,AZURE_ARM
westeurope,linux,silver-peak-systems-silver_peak_edgeconnect-edgeconnect_9_2_4_0_94650-9.2.4,51.136.110.13,10.251.129.21,16/04/2024 13:45,arup-it-core,AZURE_ARM
westeurope,linux,cisco-cisco-csr-1000v-17_3_1a-byol-17.3.120201009,51.136.114.141,10.251.130.21,26/03/2022 00:44,arup-it-core,AZURE_ARM
ukwest,linux,ribboncommunications-ribbon_sbc_swe-lite_vm-ribbon_sbc_swe-lite_vm_release-12.110147.00,51.140.224.130,10.126.213.4,04/08/2023 06:25,arup-it-production-open,AZURE_ARM
ukwest,linux,cisco-cisco-csr-1000v-16_12-byol-16.12.120190816,51.140.230.10,10.126.130.21,13/10/2021 12:03,arup-it-core,AZURE_ARM
ukwest,linux,Canonical-UbuntuServer-18.04-LTS-18.04.201811010,51.141.100.102,10.0.0.4,13/10/2021 12:06,Arup-IT-UKMEA-Shared-PR,AZURE_ARM
ukwest,linux,cisco-cisco-csr-1000v-16_12-byol-16.12.120190816,51.141.47.216,10.126.130.20,13/10/2021 12:03,arup-it-core,AZURE_ARM
ukwest,linux,silver-peak-systems-silver_peak_edgeconnect-edgeconnect_9_2_4_0_94650-9.2.4,51.141.67.55,10.126.129.21,12/06/2024 11:07,arup-it-core,AZURE_ARM
ukwest,linux,silver-peak-systems-silver_peak_edgeconnect-edgeconnect_9_2_4_0_94650-9.2.4,51.141.79.8,10.126.129.20,12/06/2024 11:07,arup-it-core,AZURE_ARM
ukwest,windows,MicrosoftWindowsServer-WindowsServer-2019-Datacenter-17763.4499.230621,51.142.155.39,10.126.209.4,28/06/2023 04:09,arup-it-production-open,AZURE_ARM
uksouth,windows,arup-nerdio-prod-rg|nerdio_gallery_win11_23h2-AZWVDW11BIMBASE-8989d534-fc7f-4388-8dd6-4a8be6a38f88-1.0.0,51.143.189.166,10.126.127.125,22/05/2024 06:52,arup-it-production-open,AZURE_ARM
uksouth,linux,Canonical-UbuntuServer-18.04-LTS-18.04.202101290,51.143.232.247,10.126.80.212,05/10/2024 02:00,arup-it-uat,AZURE_ARM
uksouth,linux,Canonical-0001-com-ubuntu-server-focal-20_04-lts-gen2-20.04.202402290,51.145.98.9,10.0.3.4,12/03/2024 10:27,arup-it-production-open,AZURE_ARM
northeurope,linux,cisco-cisco-asav-asav-azure-byol-913.1.0,52.138.179.161,10.251.114.12,13/10/2021 12:19,arup-it-production-open,AZURE_ARM
eastasia,linux,silver-peak-systems-silver_peak_edgeconnect-edgeconnect_9_2_4_0_94650-9.2.4,52.139.152.233,10.205.1.68,09/09/2024 08:38,arup-it-core,AZURE_ARM
southcentralus,linux,cisco-cisco-ftdv-ftdv-azure-byol-640110.0.0,52.152.26.138,10.190.130.70,13/10/2021 12:03,arup-it-core,AZURE_ARM
southcentralus,linux,cisco-cisco-ftdv-ftdv-azure-byol-640110.0.0,52.152.26.177,10.190.130.69,13/10/2021 12:03,arup-it-core,AZURE_ARM
australiasoutheast,linux,silver-peak-systems-silver_peak_edgeconnect-edgeconnect_9_2_4_0_94650-9.2.4,52.158.135.66,10.61.1.20,04/07/2024 14:30,arup-it-core,AZURE_ARM
northeurope,linux,cisco-cisco-csr-1000v-16_9-byol-16.9.320190501,52.158.33.75,10.251.251.5,13/10/2021 12:03,arup-it-core,AZURE_ARM
northeurope,linux,cisco-cisco-csr-1000v-16_9-byol-16.9.320190501,52.158.40.106,10.251.251.4,13/10/2021 12:03,arup-it-core,AZURE_ARM
eu-west-1,linux,ami-0bb3fad3c0286ebd5,52.16.128.24,10.122.97.161,23/09/2021 05:02,arup-aws-security-logs,AWS
westeurope,windows,MicrosoftWindowsDesktop-Windows-10-20h1-pro-19041.1288.2110060448,52.166.174.137,10.3.0.4,14/10/2021 10:17,DW-DEV,AZURE_ARM
northeurope,linux,RG_auto-build_1|CiscoContentSecurity-esa-15-0-0-104-15.0.0,52.169.164.18,10.251.123.6,29/04/2024 07:48,arup-it-production-open,AZURE_ARM
northeurope,windows,MicrosoftWindowsServer-WindowsServer-2016-Datacenter-14393.4946.220202,52.169.72.218,10.0.0.4,18/02/2022 12:54,arup-it-production-open,AZURE_ARM
eastasia,windows,MicrosoftWindowsServer-WindowsServer-2019-Datacenter-17763.6532.241101,52.175.17.67,10.205.64.20,27/11/2024 06:23,arup-it-test,AZURE_ARM
northeurope,linux,tenable-tenable-nessus-6-byol-tenable-nessus-byol-6.11.2,52.178.209.11,10.0.0.4,13/10/2021 12:19,ITG Gateways,AZURE_ARM
southeastasia,linux,ribboncommunications-ribbon_sbc_swe-lite_vm-ribbon_sbc_swe-lite_vm_release-12.120001.075,52.187.79.11,10.205.216.4,12/03/2024 10:27,arup-it-production-open,AZURE_ARM
australiasoutheast,linux,cisco-cisco-csr-1000v-16_12-byol-16.12.120190816,52.189.223.121,10.61.2.21,13/10/2021 12:03,arup-it-core,AZURE_ARM
eu-west-1,windows,ami-0331a56cb690cdc34,52.19.0.212,10.0.2.101,05/02/2025 22:27,arup-global-oasys-automation-prod,AWS
eu-west-1,linux,ami-057b6e529186a8233,52.19.150.147,10.0.1.150,30/08/2023 13:57,arup-eur-ams-digital-prod,AWS
eu-west-1,linux,ami-035bfd748fede429c,52.209.204.51,10.0.101.15,11/02/2021 11:21,arup-ukimea-luminairebroker-prod,AWS
eu-west-1,linux,ami-40946d39,52.212.142.232,100.64.127.244,11/02/2021 11:25,arup-networking,AWS
eu-west-1,linux,ami-40946d39,52.212.144.235,100.64.127.236,11/02/2021 11:25,arup-networking,AWS
eu-west-1,linux,ami-0fe0b2cf0e1f25c8a,52.215.197.143,10.119.1.59,23/01/2023 17:37,arup-ukimea-hpc-shared-prod,AWS
eu-west-1,windows,ami-0331a56cb690cdc34,52.215.94.228,10.0.2.26,05/02/2025 22:27,arup-global-oasys-automation-prod,AWS
australiasoutheast,windows,MicrosoftWindowsServer-WindowsServer-2019-Datacenter-17763.2237.2110070715,52.243.92.42,10.1.1.4,05/11/2021 16:49,arup-it-sandpit,AZURE_ARM
us-west-2,linux,ami-04590e7389a6e577c,52.27.53.30,10.0.1.163,11/02/2021 11:18,arup-amx-atr-dev-test,AWS
eu-west-1,linux,ami-008367da7a9b686f1,52.30.214.15,10.119.7.56,22/04/2024 16:43,arup-ukimea-tcs-dev-test,AWS
eu-west-1,windows,ami-0f6d01c55d5255d99,52.30.245.81,10.0.2.238,02/04/2024 06:50,arup-global-oasys-automation-prod,AWS
eu-west-1,linux,ami-044b3801a7ad8d307,52.48.189.182,10.0.1.96,11/02/2021 11:18,arup-global-shared-dev-test,AWS
eu-west-1,linux,ami-0cbd9d96a4234ae3d,52.49.70.40,10.119.13.58,21/08/2024 14:43,arup-management-master,AWS
eu-west-1,windows,ami-0a91af21f5f8fae1e,52.50.21.148,10.122.96.114,23/09/2021 05:02,arup-aws-security-logs,AWS
eu-west-1,windows,ami-0f6a76afec858d85b,52.51.67.130,10.119.1.49,17/11/2021 11:18,arup-ukimea-hpc-shared-prod,AWS
us-west-1,linux,ami-99e5d0f9,52.52.255.28,100.64.127.238,11/02/2021 11:25,arup-networking,AWS
us-west-1,linux,ami-99e5d0f9,52.53.72.143,100.64.127.249,11/02/2021 11:25,arup-networking,AWS
us-east-1,linux,ami-09e67e426f25ce0d7,52.55.119.20,10.122.177.163,18/08/2021 14:48,AMX Digital,AWS
ca-central-1,linux,ami-6269d706,52.60.161.103,100.64.127.244,11/02/2021 11:25,arup-networking,AWS
ca-central-1,linux,ami-6269d706,52.60.36.136,100.64.127.233,11/02/2021 11:25,arup-networking,AWS
ap-southeast-2,linux,ami-0ef12c08d53021d2b,52.63.46.58,172.20.1.235,16/08/2024 03:57,arup-au-sydney-cfd-prod,AWS
ap-southeast-2,linux,ami-0aac1c56a5a7e77e9,52.64.238.124,172.20.2.144,04/02/2025 22:48,arup-au-sydney-cfd-prod,AWS
us-east-1,linux,ami-0b898040803850657,52.71.125.160,10.122.177.11,11/02/2021 11:24,AMX Digital,AWS
eu-west-1,windows,ami-0331a56cb690cdc34,54.154.243.97,10.0.2.36,05/02/2025 22:27,arup-global-oasys-automation-prod,AWS
eu-west-1,linux,ami-096800910c1b781ba,54.154.64.88,10.0.1.197,13/10/2022 08:20,arup-ukimea-inspire-prod,AWS
eu-west-1,linux,ami-095b735dce49535b5,54.170.122.170,172.25.0.86,06/12/2021 10:53,arup-eur-ade-isolated-prod,AWS
eu-west-1,linux,ami-0e2b147973f8e1a2f,54.171.63.74,10.119.13.36,20/09/2024 11:03,arup-management-master,AWS
us-east-1,linux,ami-043c64ce4d7a7c000,54.172.222.99,10.122.177.115,11/02/2021 11:24,AMX Digital,AWS
us-east-1,linux,ami-0bb84b8ffd87024d8,54.174.83.177,10.123.68.21,05/10/2024 18:46,arup-amr-ade-apps-prod,AWS
us-east-1,linux,ami-0c2b8ca1dad447f8a,54.197.70.196,10.122.179.70,18/08/2021 14:48,AMX Digital,AWS
ap-southeast-2,windows,ami-0f9cdea881cc8ae59,54.206.122.191,10.122.49.26,18/12/2024 12:14,Aus Digital,AWS
ap-southeast-2,linux,ami-0a443decce6d88dc2,54.206.45.55,10.124.0.26,19/01/2022 04:29,arup-management-master,AWS
ap-southeast-2,windows,ami-0f9cdea881cc8ae59,54.206.77.152,10.122.52.146,18/12/2024 12:14,Aus Digital,AWS
eu-west-1,windows,ami-0331a56cb690cdc34,54.216.28.130,10.0.2.210,05/02/2025 22:27,arup-global-oasys-automation-prod,AWS
eu-west-1,linux,ami-01720b5f421cf0179,54.228.8.150,10.119.5.11,11/02/2021 11:22,arup-ukimea-nwy-devopps-prod,AWS
eu-west-1,linux,ami-035bfd748fede429c,54.229.203.164,10.0.102.208,08/05/2024 08:57,arup-ukimea-luminairebroker-prod,AWS
eu-west-1,linux,ami-09afd446907639399,54.229.62.206,172.31.1.60,05/02/2025 20:25,arup-ukimea-ade-pi-dev-test,AWS
eu-west-1,linux,ami-035bfd748fede429c,54.246.199.138,10.0.101.44,11/02/2021 11:19,arup-ukimea-lighting-dev-test,AWS
eu-west-1,linux,ami-07625953edea7fa0d,54.246.26.39,172.25.0.79,08/08/2023 15:08,arup-eur-ade-isolated-prod,AWS
ap-southeast-2,linux,ami-079a35fdebc8949ee,54.252.131.205,172.20.1.169,13/05/2024 00:41,arup-au-sydney-cfd-prod,AWS
ap-southeast-2,linux,ami-0aac1c56a5a7e77e9,54.252.151.138,172.20.103.238,05/02/2025 13:18,arup-au-sydney-cfd-prod,AWS
ap-southeast-2,linux,ami-0652aa31044228241,54.253.126.102,172.20.3.184,25/11/2024 03:44,arup-au-sydney-cfd-prod,AWS
ap-southeast-2,linux,ami-0652aa31044228241,54.253.32.232,172.20.1.81,30/07/2024 21:56,arup-au-sydney-cfd-prod,AWS
ap-southeast-1,linux,ami-0b2ffa433461eafbf,54.254.151.38,10.88.1.10,28/04/2023 04:29,arup-ear-cfd-dev-test,AWS
ap-southeast-1,linux,ami-0b2ffa433461eafbf,54.255.119.41,10.88.1.17,19/05/2024 13:45,arup-ear-cfd-dev-test,AWS
ap-southeast-1,linux,ami-0b2ffa433461eafbf,54.255.89.67,10.88.1.8,14/11/2024 06:02,arup-ear-cfd-dev-test,AWS
ap-northeast-1,linux,ami-53a75835,54.65.13.80,100.64.127.251,11/02/2021 11:25,arup-networking,AWS
ap-southeast-2,linux,ami-0652aa31044228241,54.66.120.61,172.20.2.194,25/11/2024 03:44,arup-au-sydney-cfd-prod,AWS
ap-southeast-2,linux,ami-0a443decce6d88dc2,54.66.125.23,10.124.0.4,06/10/2021 07:04,arup-management-master,AWS
eu-west-1,linux,ami-0905a3c97561e0b69,54.75.130.60,172.31.28.181,22/12/2023 12:07,arup-ukimea-ade-pi-dev-test,AWS
eu-west-1,linux,ami-058b1b7fe545997ae,54.78.245.202,10.0.1.128,20/08/2021 22:22,arup-eur-ams-digital-air-prod,AWS
eu-west-1,linux,ami-0ec23856b3bad62d3,54.78.41.237,10.119.13.147,17/11/2021 07:56,arup-management-master,AWS
ap-southeast-2,linux,ami-0ef12c08d53021d2b,54.79.146.127,172.20.2.220,16/08/2024 03:57,arup-au-sydney-cfd-prod,AWS
ap-southeast-2,linux,ami-0a443decce6d88dc2,54.79.57.187,10.124.0.13,30/09/2021 02:11,arup-management-master,AWS
us-east-1,linux,ami-bcbfb9c7,54.84.157.32,100.64.127.231,11/02/2021 11:25,arup-networking,AWS
westus,linux,cisco-cisco-asav-asav-azure-byol-920210.0.0,57.154.186.200,10.191.209.13,01/10/2024 15:01,arup-it-production-open,AZURE_ARM
eu-central-1,linux,ami-0594d7ac31b7b7cbf,63.176.16.149,10.0.2.241,15/11/2024 04:37,arup-eur-germany-cfd-prod,AWS
eu-west-1,windows,ami-0331a56cb690cdc34,63.32.89.190,10.0.2.205,05/02/2025 22:27,arup-global-oasys-automation-prod,AWS
eu-west-1,linux,ami-04645482d11d366ac,63.33.222.128,10.122.96.5,23/09/2021 05:02,arup-aws-security-logs,AWS
eu-west-1,linux,ami-06264cc15a5d10a33,63.33.55.112,10.0.2.134,05/02/2025 20:08,arup-digital-bus-method-uat,AWS
westeurope,linux,OpenLogic-CentOS-HPC-7_9-gen2-7.9.2022040101,68.219.180.12,10.0.0.8,08/09/2024 01:52,arup-it-dev,AZURE_ARM
japaneast,linux,silver-peak-systems-silver_peak_edgeconnect-edgeconnect_9_2_4_0_94650-9.2.4,74.226.160.38,10.203.1.68,26/07/2024 12:08,arup-it-core,AZURE_ARM
northeurope,windows,MicrosoftWindowsServer-WindowsServer-2022-Datacenter-20348.1850.230707,74.234.64.90,10.251.54.5,05/07/2023 06:42,arup-it-dev,AZURE_ARM
eastus,linux,cisco-cisco-c8000v-17_06_03a-byol-17.06.0320220429,74.235.120.90,10.191.2.21,28/02/2023 14:59,arup-it-core,AZURE_ARM
eastus,linux,silver-peak-systems-silver_peak_edgeconnect-edgeconnect_9_2_4_0_94650-9.2.4,74.235.83.24,10.191.1.20,24/05/2024 10:41,arup-it-core,AZURE_ARM
eastus2,windows,MicrosoftWindowsDesktop-Windows-10-win10-22h2-pro-g2-19045.3324.230728,74.249.50.47,10.0.5.4,15/09/2024 01:59,arup-it-dev,AZURE_ARM
northeurope,linux,silver-peak-systems-silver_peak_edgeconnect-edgeconnect_9_2_4_0_94650-9.2.4,98.71.12.157,10.251.1.20,23/05/2024 08:49,arup-it-core,AZURE_ARM
