userID,userType,Domain
5b95bf77-3b08-44dc-9521-abcde83009a1,AD,arup.com
cc0bf1a9-cb6d-4dc5-b5b8-c2daa2011209,AD,arup.com
037ddc2d-d5b2-43bf-a9fe-a3c5d449f507,AD,arup.com
9363d61d-08e1-41de-bbbc-785a07a3ce7a,AD,arup.com
ac29a13e-2702-4778-af98-69232f435e9c,AD,arup.com
cadcd8e1-1984-4b10-a368-ac51cbdf7df2,AD,arup.com
74ec1471-0b12-453d-8199-1d57ccebba50,AD,arup.com
ce0c5b98-8aad-4114-ac5b-625789a275da,AD,arup.com
267ed64c-e85a-415f-922f-e936d78b5f35,AD,arup.com
790d61af-e4bc-4af6-92ec-ed3f16695960,AD,arup.com
8c1a03ee-8f2b-4c05-82f3-d8d31ed71779,AD,arup.com
5f688bef-a5e1-46ad-a0da-4ad7f43a3205,AD,arup.onmicrosoft.com
29558e9a-899b-416c-95da-39b775262b04,AD,arup.onmicrosoft.com
aaa1df51-a9f8-4ee2-8d89-de27ee0d82fe,AD,arup.com
ee1caa2a-e95d-4a84-a20f-bd3c8fea7a95,AD,arup.com
93c58057-f4a0-460f-9a05-4750a728d341,AD,arup.com
0b365779-39d2-43d7-9d2e-09e66a8a829f,AD,arup.com
30a5532f-dcc5-416a-bac3-dc4583643305,AD,arup.com
13814761-0321-4b20-8125-7ddebf3931b7,AD,arup.com
3e599230-e056-4353-abb8-80e419137298,AD,arup.com
898ae816-d05e-4a45-8c08-3df706827750,AD,arup.com
8c43ebe5-81ae-4d61-a105-b63b8756a898,AD,arup.com
a755e431-912e-4d73-b41b-76c0f5f8b08a,AD,arup.com
cd5fb84b-9341-40e5-961a-31ef0e7f8073,AD,arup.com
5b5cdbf5-d670-43e0-8535-bf327e769951,AD,arup.com
f26e6d39-a1c8-4781-87ac-a0685649cb60,AD,arup.com
f26e6d39-a1c8-4781-87ac-a0685649cb60,Entra,arup.com
3081004a-62ea-49af-8471-0e1a18cb2d9c,AD,arup.com
57ef0208-c5e8-477d-8ef6-a2a1c93d4bd0,AD,arup.com
4e72d02a-5607-4bd7-bbab-20ef2372e853,AD,arup.com
863ecd04-8941-4b55-9aba-e52eb4fdfeb7,AD,arup.com
4aa35f42-da22-4fcb-99b1-b24399f0f08f,AD,arup.com
72703eed-9691-4dbc-ae4e-2d9b402c96d0,AD,arup.com
505beaa6-c037-4cbc-99ad-05a1e3dd76fb,AD,arup.com
b10f7b81-a98c-49e5-b352-879d167aac6e,Entra,arup.onmicrosoft.com
a761ce4a-e1c6-4be5-9cac-edaf496d0eb3,AD,arup.com
b83347df-55e3-44aa-a4c3-c5a6ba7e0ea9,Entra,arup.onmicrosoft.com
70e98c2f-3e03-4e4d-a8bb-3ebdcae13a6d,Entra,arup.onmicrosoft.com
26dc0d9c-3832-4bcc-a953-53af21092e69,AD,arup.onmicrosoft.com
2804436b-ce77-48c4-843d-96ee64534e27,AD,arup.com
b53772dd-082c-4138-929d-94a9994c66b6,AD,arup.onmicrosoft.com
e45b84eb-f3bd-4cc3-89c7-b4c448608e4c,AD,arup.com
978f2604-a140-4078-9ac9-50ce8c01bb63,AD,arup.com
9685c658-e6d2-4122-8438-2184dd44b3df,AD,arup.com
4e27502a-4504-43ef-9adf-b75844deb809,AD,arup.com
e9d9c2e4-ed7c-4a2d-bb13-734c30e65fd5,AD,arup.com
abfdafa5-c5fd-4a2a-a9de-839d9f3aa952,AD,arup.com
11d0629f-153e-4937-8324-d8b71fa8693d,AD,arup.com
cfd4bee1-61c9-4cbf-a292-735d676b538b,AD,arup.onmicrosoft.com
5e6de06a-bbab-485a-b32e-5108dde7116a,AD,arup.com
b9ab580c-b89c-4add-8488-f835d53ccbde,AD,arup.com
4fada857-0c70-4018-8641-7701450a0b5e,AD,arup.onmicrosoft.com
f4a2857b-8658-4b35-8840-be6dfab749d5,AD,arup.onmicrosoft.com
fa1bbfec-e4ba-4ab9-96ca-efd1b7f4183d,AD,arup.com
722848a0-cbba-4ed9-9324-f6844e22c330,AD,arup.com
cd617e4c-9ef2-4129-be03-c1002041e5a5,AD,arup.com
fd1c6729-bbe4-49d1-9f9e-98314305f197,AD,arup.com
065e36c8-1f6a-4ad5-998d-9467b9691f95,AD,arup.com
84fc8b94-849e-4ee4-8ae7-0d8290c7bb8f,AD,arup.com
7a859e91-4f50-4f6e-9f38-6b53081d8de4,AD,arup.com
e0b1f6f3-ac9b-49d8-9d8a-95847b03d941,AD,arup.com
7bb5e2e0-1221-4c14-95b7-83f8c9a8d7c6,AD,arup.com
fd6b0808-96d7-4c34-9cf8-a39a27b3f8d7,AD,arup.com
4a11c8be-0546-40a4-a688-ab3578bba6f3,Entra,arup.onmicrosoft.com
24a78269-3dc4-472c-abbe-d34ceb973e77,AD,arup.com
c25cc9f0-2fa2-476c-8be0-b95a086a5758,AD,arup.com
739618fa-db58-44c5-a03e-770f3687dfb0,Entra,arup.onmicrosoft.com
deddb405-d77a-426c-9a2d-3d55a663092a,AD,arup.com
3d6e6e9d-05c0-476f-829a-ee6b1e79c83d,AD,arup.com
abf3d71d-4eae-4d1e-a6f0-cb6fb30da743,AD,arup.com
d078ad03-a7d9-48de-a120-31251c45c9e8,AD,arup.com
9642eb0a-17dd-4687-8374-7cb431ba2bb1,AD,arup.com
dda9ad1e-ab4b-4af2-81fb-f0c9e3278921,AD,arup.com
667264c5-90a3-4dd4-b7ab-655472a12ad3,AD,arup.com
5f300d98-4924-464c-938c-d5a3fe0e9235,AD,arup.com
a4160ef0-fd2f-4bec-bb74-cf209dc5137c,AD,arup.onmicrosoft.com
13d20fd4-a8f6-4cf4-b217-7d317fba485a,AD,arup.com
c2c15690-3c84-4133-ab4e-8f57a59fcc3e,AD,arup.com
5e795153-7fcc-4d5e-b8f7-9c71ffa2b6d9,AD,arup.com
0fc7589a-e56c-4ad3-9307-a4beff8648f0,AD,arup.com
91f4c14e-9dde-4ec0-8b40-eb93d50d62aa,AD,arup.com
5ee2a214-ffd9-45c1-ae66-01f0d85bc857,AD,arup.com
24e3bc8f-f6a9-4f7f-812d-1791f558cb39,AD,arup.com
e7987641-1cc7-47d7-a63e-9bbc0492ef48,AD,arup.com
5bd73fa7-267e-42fc-8320-3a89c242f452,AD,arup.com
dc560896-59d0-409f-ab95-058d8cdc6abd,AD,arup.com
2454adf9-bf18-4fbf-a80f-f09b735604ce,AD,arup.com
457a6d69-ca28-491a-8b90-e8bd04f28e76,AD,arup.com
51c268bc-26ea-4265-b8c4-82d812d1ec0f,AD,arup.com
e3e4ff7a-d76c-4f23-9f27-61e9e7f8190e,AD,arup.com
1a0ea0a8-d905-4f83-9818-b7d32c6e4d87,AD,arup.com
452195e2-4710-4837-94b3-e834c614c400,AD,arup.com
3c41a821-3544-4a75-80c5-69fd7dde4fb8,AD,arup.com
25965a30-e7a8-4480-a8d3-ef03df00ff20,AD,arup.com
1cc70fbe-94b8-49c1-8a6b-5cd2ce6e462e,AD,arup.com
39704f99-b3e3-49b8-817e-f6f0f3d17ac2,AD,arup.com
5d46558b-328a-4f09-a610-356d6bb989f1,AD,arup.com
2bb6c9ff-992e-4144-917b-b10367983776,AD,arup.com
c364d13e-734d-4fcf-8db9-bc51326d6de6,AD,arup.com
7751ccf6-6f77-4e6a-a0bb-5506e1c1ccaa,AD,arup.com
01eed011-7408-45a3-974a-d386b35d8c20,AD,arup.com
2cabdd52-fcb3-40f8-8031-e01bd47eeb2c,AD,arup.com
3dd87765-3ca1-4134-9d1f-b568be57f0fd,AD,arup.com
85ddce6b-ddb4-4c35-bae4-f7858b31296f,Entra,arup.onmicrosoft.com
696e415a-3572-4f8d-b0ea-84359f51f9b7,Entra,arup.onmicrosoft.com
090e133f-75a5-471c-8d50-fe57970241fe,Entra,arup.onmicrosoft.com
21d0c26a-2160-46bf-b0c6-b08476d0d2ab,Entra,arup.onmicrosoft.com
2479e05c-cea0-43cd-b0e6-e815eb39a159,Entra,arup.onmicrosoft.com
ebd78aa7-6cd5-45e6-a0c9-19c7918ab6c0,Entra,arup.onmicrosoft.com
c58fbdc5-1af6-403d-a539-e2ec25237f64,Entra,arup.onmicrosoft.com
b3a4e117-bad5-4bd3-844f-d85ab1b18c84,Entra,arup.onmicrosoft.com
5479a182-207a-47bf-8d79-fe5ab0dda8e0,Entra,arup.onmicrosoft.com
43c2fc1b-f9aa-40ee-ba75-f29301e85a2e,Entra,arup.onmicrosoft.com
85ee34c1-8e5f-442f-800f-63a148face8b,Entra,arup.onmicrosoft.com
8e05b0ca-f160-4af5-aa7e-1797d1e6c78c,Entra,arup.onmicrosoft.com
e3d22691-2baa-443a-b0eb-32504b2c5881,Entra,arup.onmicrosoft.com
30729a5c-8a06-47c3-b570-ced108ab2b34,Entra,arup.onmicrosoft.com
da6e0a4f-ddf4-4728-9d90-6ac02fb24076,Entra,arup.onmicrosoft.com
60667191-7617-4c51-9e96-152bf125e691,Entra,arup.onmicrosoft.com
2423f73e-4463-41fd-a20b-39cd9419a5b2,Entra,arup.onmicrosoft.com
65a41256-2839-45d7-8107-89dbaa549080,Entra,arup.onmicrosoft.com
a628dc17-2b01-41da-8790-b6e6e4e61065,Entra,arup.onmicrosoft.com
26fac455-0d70-49d5-b362-9be033ab1ab9,Entra,arup.onmicrosoft.com
559cecf1-f0f9-4f37-88ea-a9eb9507e0fb,AD,arup.com
7c39d346-a441-4224-b075-2ee4ffb6ad2e,AD,arup.com
11fe9995-a401-462d-9d09-5fc1ac99a91a,AD,arup.com
70de0d99-e414-413d-9c5e-c39575bcf0f8,AD,arup.com
c879731c-9196-4572-a132-3f19a0eb5531,AD,arup.com
1a260acd-f152-485c-8265-31da918cdf8a,AD,arup.com
5bdc74af-9063-4b41-a519-680c49d33026,AD,arup.com
fbb6ca0d-8290-44fa-84e9-e62d0ba10c60,AD,arup.com
86b988f6-469d-4fe2-94bc-8cfd57856357,AD,arup.com
543732a1-d89b-459f-9390-4d87295772b3,AD,arup.com
31ebcd1b-dfe0-4eed-9355-a317e9e1e3b5,AD,arup.com
08f560e9-5e16-43d6-8bcd-432bf9c310fc,AD,arup.com
e5978c55-062a-4e87-a55e-32a929740c99,AD,arup.com
9d75dce8-fe0f-4666-af59-21068d11a288,AD,arup.com
042048a7-283f-416f-8a69-bb43704a91a9,AD,arup.com
602c3287-5dde-4861-be6f-f2a0361029f4,AD,arup.com
59a54aac-69e1-4afc-804c-49fae2027149,AD,arup.com
476def74-4145-4e52-a767-d0ecdd6a3310,AD,arup.com
5e1bba84-f443-4c8e-ac6b-502d71608193,AD,arup.onmicrosoft.com
8038d5ba-abb3-4a29-b1cc-1019be845700,AD,arup.com
acfbb25f-4c36-47d1-b7d0-d38a501d9df6,AD,arup.com
699c0ff3-16f5-471b-ad8b-dda4448cc61b,AD,arup.com
57451869-4959-4ba5-9fbd-e7077cc8015c,AD,arup.com
517c7f47-e4d1-41cf-b148-68d68ae83214,AD,arup.com
21b78499-80aa-4a8f-b72f-f77a7c98a148,AD,arup.com
15f641fb-6f0a-43c9-baaa-3798a536c237,AD,arup.com
4d9dbc8e-2ac0-4976-b172-45208679bbc4,AD,arup.com
33c07e53-0850-4f9b-9123-5f90c31c070c,AD,arup.com
95d75cbe-9ffb-498f-a124-68f4b7d8d31d,AD,arup.com
36eaed40-9436-4a35-8c64-06ba064f6655,AD,arup.com
6db35cf9-b109-47c9-8a60-ed799a460c84,AD,arup.com
62cb0adc-4c8c-4e12-ba52-42a6701e3efc,AD,arup.com
6f67a3e0-b749-4754-8687-088a1dfd256d,AD,arup.com
82d7075d-5523-451e-87e3-ea5910012c90,Entra,arup.onmicrosoft.com
52e74c9d-83bd-460d-a974-a323f05c942a,Entra,arup.onmicrosoft.com
86c9b205-7db4-41e6-be71-d7a53eee69d1,AD,arup.com
0015588e-3613-46e9-a635-517d4e05b324,AD,arup.com
aa04807c-dc5c-4bcf-a63c-08c5203efdca,AD,arup.com
5563fd9c-04d9-463e-a3f4-3bd60bdfaac0,AD,arup.com
9af2da4b-9422-4d63-bca8-48987ee4df4d,AD,arup.com
76098317-820f-46c5-b240-0fb36215ca47,AD,arup.com
402018a3-2bc5-4fc2-b8d8-5549b84f273f,AD,arup.com
88e44c97-6e97-4a99-b746-a74490ffb721,AD,arup.com
90dffd69-0370-4fa0-a7e8-ba488879bf23,AD,arup.com
6cccab1f-1800-4632-96fb-85540f639308,AD,arup.onmicrosoft.com
cf710051-923f-4849-b590-abd122bcc2e9,AD,arup.com
3c9f0d41-3b38-4c7b-abc2-708026048270,AD,arup.com
59caa2b3-3aa8-4330-be78-8c1dde61f646,AD,arup.com
f50478a6-42b6-4101-9762-37ee70080567,AD,arup.com
e27b086c-eeb0-407b-b48c-fe8c2a02e0e4,AD,arup.com
265ee47f-f9de-429c-8284-fed92a05196c,AD,arup.com
df556bab-9574-4039-85d8-979e93d88543,AD,arup.com
74bd745e-5bc9-4b67-9d09-546b0dee1070,AD,arup.com
4b22cf7a-2ecc-4371-a81f-dfa77b17eb0c,AD,arup.com
a69867b4-4856-4e48-bd38-056fa5ba31bf,AD,arup.com
a00667d0-ab57-495c-af2b-c5f40d9b1b36,AD,arup.com
1a3c6dc5-9f5c-4356-8a5e-19bc99e95881,AD,arup.com
4cd2bd6d-792a-496b-b8f0-54b78ec78f0b,Entra,arup.onmicrosoft.com
755e9d11-59a4-4660-8a52-664bb1db99fe,AD,arup.com
67690551-fec5-45fe-8f65-4c07f7b665d6,AD,arup.com
9776e50d-41e0-4f06-9d3c-ddf334a3f795,AD,arup.com
5d073c67-9d6f-4315-bbdb-0ddb24c7a23e,AD,arup.com
141ff79c-28c8-4968-b71e-393239e39729,AD,arup.onmicrosoft.com
5234d478-9b04-42e5-939d-85d70a32c6a2,AD,arup.com
99827b76-1dcd-46e7-974c-44aa40bc439f,AD,arup.com
91eaced8-a98b-40ba-913f-a880237822af,AD,arup.com
1a010618-9b1c-4175-9858-b39584365239,AD,arup.com
a3bd9ce8-4b91-4c4f-ae84-c870cfdc1dc8,AD,arup.com
981f18c2-ef6a-4f08-b65b-2a81b8c71e1d,AD,arup.com
99806859-27f3-43d6-8770-66dadaf179e0,AD,arup.com
e3368a4d-8b6a-4ddd-a0fe-9753f6dc8d08,AD,arup.com
95ef7be1-021d-4b93-9ad3-03aa170d5ff6,AD,arup.com
0fb7dfbc-f23a-4233-88f4-5830e9b14d3c,AD,arup.com
c1b4910e-43f1-43a4-925d-4847951ac4ca,AD,arup.com
04e65f7b-43f4-463c-a3a4-c0b63dfd14b4,AD,arup.com
c7899210-ae71-44c3-9d83-63c6c386d161,AD,arup.com
e9c7c947-ff5a-4134-a98a-d31974f38e4c,AD,arup.com
c4859475-3890-4a0c-83d1-9cb35769676d,AD,arup.com
f2c53afc-4827-40a5-8700-3a02b8927a82,AD,arup.com
c981d576-ed06-434a-8b40-ea69d66f7b70,Entra,arup.onmicrosoft.com
af7090a7-350c-4949-830d-01aa78361095,Entra,arup.onmicrosoft.com
5b008cc1-aa10-4e8f-8ea3-39b4ae24324a,AD,arup.com
f21acd30-a385-48d0-bc16-a6b8749b1b12,AD,arup.com
b8cfa8cd-0cb2-417c-bd51-ce9dba4f9129,AD,arup.com
4cc037e4-f8da-47b6-b079-ec5d6b57f936,AD,arup.com
bbcd1cbe-24ab-4736-8919-1e94fb4c5804,AD,arup.com
599ee6d0-ee99-4823-a395-660b345baf67,AD,arup.com
1fae76f5-3e88-498e-b1a7-772cbdaea9a3,Entra,arup.onmicrosoft.com
de10d126-4ec7-4c73-be34-4ecbf839d04b,AD,arup.com
da212334-f3e1-414d-8a85-1b228cd7a506,AD,arup.com
2c8f33bf-43d9-4ddb-8d27-17176e1fd525,AD,arup.com
55efd7c6-dfcc-4870-828d-01f1da34b199,AD,arup.com
83f8fcea-4d00-4f6e-bab1-13f0c1d828cf,AD,arup.com
9e59a406-3e11-4811-ac35-bff7e5e8cf67,AD,arup.com
d414621d-7097-4aea-85f6-22ca30a793e6,AD,arup.com
ff3c7da3-176a-42fc-b2a5-69e86c2a8c8a,Entra,arup.onmicrosoft.com
336734f8-4dcf-4bec-9bcb-be9c0503f3ce,AD,arup.com
33c8eb3f-7f46-4ac8-a3f9-a82c532111c7,AD,arup.com
2a0d7f0e-7bb8-40c6-8971-d3a79c197851,Entra,arup.onmicrosoft.com
86fb295a-db44-4bde-b301-d058683e1879,AD,arup.com
804cc0e7-16e5-45e8-906e-115dbdfe72cf,Entra,arup.onmicrosoft.com
8c4f4cb5-e5fc-4f2b-b5f1-1cd7fb9fe434,AD,arup.com
ce04fe18-bb62-4c7e-bd2b-fcbc0176d43f,Entra,arup.onmicrosoft.com
66eaa096-3eab-48cd-aba8-eea3a32f7b20,AD,arup.com
d2e0696c-e0a6-47a7-9696-50a3c48d4a2a,Entra,arup.onmicrosoft.com
0f10f3fa-690f-4be3-98e6-d516762fe7c2,AD,arup.com
3bce871e-589b-4601-b822-9c2d0f0b2197,Entra,arup.onmicrosoft.com
70a0d1ce-01ae-4ba7-bbfc-e799692138ca,AD,arup.com
77038451-c4a1-4d2b-bec5-9ad6c1af2cf9,Entra,arup.onmicrosoft.com
ffe0ab8e-a292-4e87-9257-d80a5f5c5ea6,AD,arup.com
41535d71-44ce-41f1-ac2f-ab648d871b81,Entra,arup.onmicrosoft.com
3b198358-66b7-4c24-aeee-9136893c653b,AD,arup.com
978b36ee-d0cb-49f3-8def-7d794957f5a4,Entra,arup.onmicrosoft.com
24f63486-0dd7-4fff-8406-1cfe71eba810,AD,arup.com
87cd1d0a-87e2-4837-8979-b64dd5242b1d,Entra,arup.onmicrosoft.com
e4d4ae6d-bd6a-4360-a8e0-5ea28705a7f2,AD,arup.com
4d7b0788-93c9-4782-bf85-e16cfdd47598,Entra,arup.onmicrosoft.com
b8326741-5d1b-4a7a-ab07-315c8fd03cf6,AD,arup.com
bebd0bf8-a87a-4efc-a97b-d75876ac6263,Entra,arup.onmicrosoft.com
26df33dc-14df-48f1-9ae5-696394849b65,AD,arup.com
4fc9543b-b623-475b-8b29-a295e9579029,Entra,arup.onmicrosoft.com
e9323daf-9ca8-4491-8d10-02d04c5f7841,AD,arup.com
38b96044-7058-41fd-8dfe-7da44c58c71d,Entra,arup.onmicrosoft.com
ebb990f8-fccb-44ac-a1e3-d14ec94dfc23,AD,arup.com
28bbc375-f89b-47be-8a6d-003f14210823,Entra,arup.onmicrosoft.com
76aca7b4-ea1c-4bfb-aaca-d227c29d0a66,AD,arup.com
1cca3c65-d727-4598-9607-33c0270d97f1,Entra,arup.onmicrosoft.com
45fb0737-5db2-4531-b1af-6e9bf49a3f94,AD,arup.com
6f2be065-ec64-4095-8405-0a96bad22c48,Entra,arup.onmicrosoft.com
979019b1-2659-45f3-83f7-2333c6665612,Entra,arup.onmicrosoft.com
509bfe5a-6e82-4b3e-a228-81239c2fd125,Entra,arup.onmicrosoft.com
dc25a85d-eca8-4075-8633-dda30d14e850,Entra,arup.onmicrosoft.com
0b3b325c-9a67-48c9-8b99-a3b7bc0c9338,AD,arup.com
bef309d1-6049-4ef1-8ca6-22463796e39a,AD,arup.com
1203f3ed-2edc-4727-aae3-d91cfdf2d6e9,AD,arup.com
0fed6260-3bfc-461a-a007-46a482a99fba,AD,arup.com
07883612-8240-4192-bc0e-30d359cc0517,AD,arup.com
51541e3d-05a7-4ef5-b9d5-fc331956c794,AD,arup.com
f46f98f3-a141-4ef8-868b-fa9cb6c7ceee,AD,arup.com
46136c0a-746b-4640-95cb-f59bc504890b,AD,arup.com
f5fcd65d-9bfe-4c9d-b134-42221df88e98,AD,arup.com
70fa3914-dd46-4e5f-b748-9bee716f7135,Entra,arup.onmicrosoft.com
5e906545-e809-4b82-bb7e-8aeb78e7cda8,AD,arup.com
2802c864-ed82-45ac-b965-56c007e47fa9,AD,arup.com
2802c864-ed82-45ac-b965-56c007e47fa9,Entra,arup.com
aad792e4-be09-44d0-a271-f58066395928,AD,arup.com
aad792e4-be09-44d0-a271-f58066395928,Entra,arup.com
5c88eb3e-e198-44e8-9544-69028526214f,Entra,arup.onmicrosoft.com
e50f1c1d-f2a7-45e6-b65c-d0392352ffcb,Entra,arup.onmicrosoft.com
d0a63f12-3e27-40d3-8368-de3d07ce4892,Entra,arup.onmicrosoft.com
640cf2f2-12fb-4611-afdf-2b1fcb998f2a,Entra,arup.onmicrosoft.com
4c3f059d-97c1-42b4-9b9c-389d76034e08,Entra,arup.onmicrosoft.com
2d739622-306b-4b3c-b2a4-20d3af7db737,Entra,arup.onmicrosoft.com
0a0bde5f-fc6f-429b-9c91-d0a4fd77d6dc,Entra,arup.onmicrosoft.com
7f2208ae-2a80-45f9-a563-310e1d7ec58f,Entra,arup.onmicrosoft.com
1fa3bc3d-cbab-4dc8-ad89-d0443729a2a7,Entra,arup.onmicrosoft.com
26d66f19-da8e-4d17-8774-67844d6bed1d,Entra,arup.onmicrosoft.com
5c3eaac5-0116-421a-9d70-64c51de20ffb,AD,arup.com
80a87533-1821-4f69-bf20-023cf4b4f30d,AD,arup.com
e648cbb9-74b2-4ad3-818a-eb063ab47e71,Entra,arup.onmicrosoft.com
ad014b68-7cda-41ca-ba05-633f7a4f140f,AD,arup.com
bd7a0862-739d-44a2-8483-ecec28256613,Entra,arup.onmicrosoft.com
f92c27e8-5bc6-405d-b0c6-d30be3d6b74f,AD,arup.com
fd377e5a-88a3-4847-9016-151f6fc32215,Entra,arup.onmicrosoft.com
5fea151f-ed12-45fe-86c3-407553ed4ea3,Entra,arup.onmicrosoft.com
21b2edc2-de45-461e-8174-0e4dd5e9d02e,AD,arup.com
78e4f0a0-3a6f-41ef-883a-0df3e2d6f12b,AD,arup.com
0398d821-e415-4719-b80e-bd4dad604392,AD,arup.com
93ab92dc-e341-423c-b5ab-0e296cc15ffe,AD,arup.com
19dace63-4527-4034-9fac-b7313a864996,AD,arup.com
2bfab463-ed76-46e5-8dd5-dd36f8a65523,AD,arup.com
eafa55ec-12d2-4445-bd81-f7e545d528f6,AD,arup.com
1d2abd7d-2f47-4e0d-8bdb-832fb65522bf,AD,arup.com
5240b6e6-7365-45dc-bc63-d0adec247790,AD,arup.com
7ae6a45b-a108-44de-b750-f7542e6d5079,AD,arup.com
ffad04a8-2f0f-42e7-a65a-b52538926e98,AD,arup.com
d678dfc1-7f0f-48e4-876e-71aae4757e10,AD,arup.com
ab61bb37-59bf-4a3e-a18e-cf4e20e48e9a,AD,arup.com
c0849ca5-7550-42b2-bf44-256150f81545,AD,arup.com
db2a1475-5891-4fa3-b514-7ea16b4522a9,AD,arup.com
b4e3b517-905a-4f5d-abf4-67015320601f,Entra,arup.onmicrosoft.com
79bee4ce-bcec-4f37-abe5-c19bc9c83da1,AD,arup.com
65a668bb-9ff6-40fe-8ad2-1254716541b0,AD,arup.com
0903d912-b00e-4c02-99e6-223f73529bd5,AD,arup.com
d060c44f-f2d8-485c-b947-053df0111231,AD,arup.com
c677b6c6-84e4-4d3f-ba83-682bad6c8440,AD,arup.com
da23fd7c-6c3d-4082-b187-8cf531606a16,AD,arup.com
c93034ba-160d-47a5-8795-890f4cb342d8,AD,arup.onmicrosoft.com
baccb4fb-43f7-496a-82d2-2cd4ca259baa,AD,arup.com
6fd6146b-3cd0-43b8-ab9a-2c16947d0372,AD,arup.com
9dcad66b-fa15-4a7a-bc42-8ef1ded8526a,AD,arup.com
9dfe7626-b677-4fbd-9a22-d020dd2d196b,AD,arup.com
58d732f5-9209-48ff-9b67-40354f397398,AD,arup.com
a1fcd8cd-6db8-48ca-815b-8f7d7dd3a36e,AD,arup.com
a7e8df3e-a9f8-4757-bf29-55aec88f578b,AD,arup.com
57eaa0f4-ed90-4e92-b535-40f6c82ef223,AD,arup.com
02adc975-cb12-422e-b62f-0a74c3984e15,AD,arup.com
8f27f8cb-e4cd-4a8a-b326-d87d02395201,AD,arup.com
22f710aa-50d6-48f1-9212-0e932b1dc881,AD,arup.com
c822809f-b400-4fc2-8c84-1da9bd19367d,AD,arup.onmicrosoft.com
bc89c4af-5ddf-42be-b7dc-c0e3fd72a2fc,AD,arup.com
284d9e23-2251-429b-887b-0e0e9f4f9ac6,AD,arup.com
f08762b4-44ab-4a0b-98be-80b124e2582f,AD,arup.com
82056095-2ecc-451a-aca3-17897cc95668,AD,arup.com
5e823dc3-e422-4178-9e34-25ae2b990f2f,AD,arup.com
5b092195-1776-48be-8bab-db3ae026bb2a,AD,arup.com
c8791941-1117-404b-ac84-2be3ba745ce7,AD,arup.com
7f776139-236a-4243-8e90-cbea38153f2f,AD,arup.com
c2c13706-fc13-498f-b2a8-47fca3767056,AD,arup.com
1acf5933-1c1b-4c68-9a9d-219c3880d0c5,AD,arup.com
e8cf2d2a-f8b7-419d-963c-42e34c531532,AD,arup.com
5192d217-bf6d-438b-997d-37016e66d7f2,AD,arup.com
e8735dc8-8cae-4ae3-8565-5568f0fb79ab,AD,arup.com
b6f1fbee-c782-44ac-a051-5bb32f08e5bc,AD,arup.com
9d7197bc-04a3-40bb-8955-0f89b8850ec1,AD,arup.com
aa1e75eb-1658-460d-b6e5-b7363716c410,AD,arup.com
3becd1c0-6f06-4043-89c3-55f9ee6d8755,AD,arup.onmicrosoft.com
dff37315-6359-4299-b980-ca83862c9a46,AD,arup.com
497de65c-10fa-4baf-978a-3ef988c902f6,AD,arup.com
55c61bce-e229-4280-8f90-70958a201bae,AD,arup.com
c3bcf6b2-b808-4639-b374-fd71dbe8b6b9,AD,arup.com
5089d04b-9e78-4abe-8ec4-c34366eb0b3a,AD,arup.com
fa67e9e1-0b78-4aea-9d91-24107cc8b062,AD,arup.com
046e383d-5462-49f1-ae06-8dc96d5ba62b,AD,arup.com
64106fca-ccc3-48f0-a860-d0b76e89c17d,AD,arup.com
74e933b7-fa41-45bd-b03c-4e28ef3e44e7,AD,arup.com
d43afbd5-9683-4651-b717-b1d5a40e97fb,AD,arup.com
ae4b7ee8-f35a-4228-acaf-2d2a06fa4f23,AD,arup.com
47a45ca3-d1bc-458a-94c7-d947268030d4,AD,arup.com
ad551ab8-b643-446e-bc03-61735b08b8d5,Entra,arup.onmicrosoft.com
02680829-e46c-48b7-b1a4-ac7a05910969,AD,arup.com
64592e3a-fde8-45ed-933b-83e528132ce9,AD,arup.com
2da7777e-3a03-47ee-9fd7-d786e7370463,AD,arup.com
aae24a76-9123-4f18-a0ee-851aea4c1ffb,AD,arup.com
afa926c4-02d4-4991-8052-e7c878d96ec9,AD,arup.com
611a99d7-460e-4ece-84ff-5c4e5b0a481d,AD,arup.com
1cbcdce2-fe94-49b5-9312-115525eabd59,AD,arup.com
a28758a9-b22b-48b4-ba68-ffad87c1649e,AD,arup.com
f8eca90e-1549-4b00-acc3-2505121b1ce5,AD,arup.com
5337b3d2-00a5-4c0d-aa87-bf53fb64a826,Entra,arup.onmicrosoft.com
e8ddc622-4ddc-4387-80c8-c2af391690a9,Entra,arup.onmicrosoft.com
68b10913-8aa6-4536-9827-e17e12ee9907,AD,arup.com
5642968c-3c0c-48ad-b77f-8329d5c8da03,AD,arup.com
2b44333f-dbea-468b-86a3-efe1f8329947,Entra,arup.onmicrosoft.com
4234a82b-aded-4990-bdfd-de14b774ab68,AD,arup.com
5e44c26a-fbf0-425d-8c23-f78502cbdd75,Entra,arup.onmicrosoft.com
1316652e-d093-410a-98f1-9ef11d1c5643,Entra,arup.onmicrosoft.com
3b7a71a2-d439-4e8b-800e-276cad195263,Entra,arup.onmicrosoft.com
a1386b30-b88d-48e7-a910-9fe89605b5d3,Entra,arup.onmicrosoft.com
f8ddce6f-f17b-49f7-bc3a-6e55436cefd1,AD,arup.com
7aea6546-224e-43d2-bf0c-bce5172c4294,Entra,arup.onmicrosoft.com
e15cf427-ffd2-4f2f-83b0-a23cfcd961d1,AD,arup.com
bbed7f2b-9dcf-48de-944e-49dc02da7da3,AD,arup.com
43b3e1a6-5044-4c78-9223-243c42bd637e,AD,arup.com
fa9d7bee-abb9-4a68-b41c-0abea8f76c7b,AD,arup.com
afb67b33-8e8f-461c-803d-4b3849ccdf93,Entra,arup.onmicrosoft.com
9d421662-fb2e-4967-8c3d-816d688cc1a2,Entra,arup.onmicrosoft.com
97808cd7-9b10-459c-a859-e11411b01d5b,Entra,arup.onmicrosoft.com
7601cb8c-ff7a-4b88-87b8-b689fa7830a8,Entra,arup.onmicrosoft.com
b30ac56f-1349-48c3-a581-d125b3f19eb0,Entra,arup.onmicrosoft.com
86a6bf4f-3e70-4015-b6e9-7c0ac68bf484,Entra,arup.onmicrosoft.com
618bdfec-42e5-43e9-a81a-ca2d9155ea44,Entra,arup.onmicrosoft.com
90fb0639-5c8e-4ee3-8b3b-05552d28f701,Entra,arup.onmicrosoft.com
b26a9033-819a-4fb6-9dd7-ea7eda511fe1,AD,arup.com
53684d4b-0891-437b-8daf-c9c843cf94ed,Entra,arup.onmicrosoft.com
59eeff99-9929-4a36-aab5-65fc5d262a80,AD,arup.com
6f5d98a1-36a0-4247-addb-3efb1a19b59d,AD,arup.com
4fd56186-7bd6-413b-a65f-c5106b2d3fdd,AD,arup.com
80fa43b1-41ec-4ab6-b466-a8da3bf31894,AD,arup.com
9d2324fd-4770-48af-a594-6b9dc8bbc68b,AD,arup.com
f7fda889-4058-4134-9fd0-bfd79b6dd4cf,AD,arup.com
3ae5add9-628b-48db-9f72-714e10000949,AD,arup.com
f8139446-b3b6-41ff-a2d1-647e430b8c49,AD,arup.com
0dcb9585-fc66-4e26-9895-3eda9fbe37fd,AD,arup.com
760c1a9b-d48c-4f58-9b5e-cde348bedac8,AD,arup.com
3e0ebf44-7dd2-4ae1-b839-e716a3d95c0b,AD,arup.com
bbd1e902-ce6a-42ef-9491-a75f7b21aee4,AD,arup.com
a94d0384-9b09-4869-aae0-26e91a443844,AD,arup.com
3725ea57-983a-4219-a06f-046adb7f3490,AD,arup.com
ec8e5402-0690-4960-baf7-6cc8a4af5d66,AD,arup.com
8efeb550-76a2-4d34-864e-3fbe3f7d9085,AD,arup.com
10f8b124-2e7e-4b56-8951-919a75a88826,Entra,arup.onmicrosoft.com
f4e508a0-5ea4-4622-843c-4ab1d50a168b,Entra,arup.onmicrosoft.com
f08f9177-d1bd-484d-a797-b5224e699ac7,AD,arup.com
66f6dd3b-6697-4964-ba3f-3a33d0bf6a65,AD,arup.com
6b997519-9e5b-44ee-8a93-5f7e0e4c3e21,AD,arup.com
78879255-42e3-4752-9ba9-6bc8247915bb,AD,arup.com
2e1ec86d-ac63-4731-b614-0d7016795aa7,AD,arup.com
4f645c2a-cbda-4c32-9d9d-c17cc138897f,AD,arup.com
00467e3f-5793-4cce-9734-54a4fbf72286,AD,arup.com
16e7c4f9-0fef-410c-8e2e-d5c2b8fee99c,AD,arup.com
85db65f8-80c7-41ed-bb71-468b2cea01a7,Entra,arup.onmicrosoft.com
c3aced46-fbe6-4f4d-8e6f-017c387b1c6c,AD,arup.com
7ba44667-45ab-49a1-b4b0-0b2336aba369,AD,arup.com
ed12176b-a533-4f77-9b5e-d43586d08b16,AD,arup.com
198aec9b-7f6d-4b0f-843d-29cdd8e4d497,AD,arup.com
ae946682-f1ae-4455-a929-4fe13a882428,AD,arup.com
0a4d2dce-3fdf-4090-bed2-9e845af753cc,Entra,arup.onmicrosoft.com
cbbbf5df-9d66-4eb9-8977-c44fd649da38,AD,arup.com
125c85a5-699d-4a0f-99b2-a0d828d8468d,AD,arup.com
50743b4b-6d71-4a04-af3b-4d22f086f560,AD,arup.com
5fe72ea1-f768-4689-9715-137f23d3c6c0,AD,arup.com
1f2330c2-a70f-4ac4-98d9-0738fdfa67b3,Entra,arup.onmicrosoft.com
083b2bb3-a5cd-47c0-a261-22bb7c74399f,AD,arup.com
2d19eb70-0db6-4e21-87c2-4e8e29049c3e,AD,arup.onmicrosoft.com
755bbcfd-e427-47bd-b0f4-013ee82869da,AD,arup.com
50dda294-4be4-4910-8a29-84e43cb1dcd5,AD,arup.com
584afc7c-c906-415a-ab06-a1b6abe29c79,AD,arup.com
421e8d94-c396-458d-a0fa-17334d2ccc6c,AD,arup.com
b94d095f-2a06-4010-b10a-3ca283554d97,AD,arup.com
d4970dd4-7b5e-47d0-8b56-c027c588062a,AD,arup.com
b1760d7a-8280-4f2f-8ff8-fdd6388646c4,AD,arup.com
64dfb86d-ef3b-49a1-a5d1-14cdc40392ff,AD,arup.com
278b6556-f48c-4499-9be3-a7e9e19a3b20,AD,arup.com
fd621f17-f4be-417a-809c-778194ce8cca,AD,arup.com
cf63db96-cc9e-4db1-bd1a-31ed4de3ce32,AD,arup.com
bf1ac9d1-6432-4e72-a303-4682ce29f519,AD,arup.com
8e1a90de-4130-4056-8f3d-fbb81397c2b4,AD,arup.com
4e022c27-6c9c-4ac1-ac4e-73cb2d0458f5,AD,arup.com
19b1ce48-ca46-4c9e-98f8-fcae51cd4c81,AD,arup.com
0856354a-8c02-4621-984b-0c9b220cf492,AD,arup.com
4fa23169-f26e-4487-8812-5fe54cb5e723,AD,arup.com
c9783802-8dc9-4fbe-9005-5ae5f660ba3a,AD,arup.com
c881b63d-b2e1-4ebf-a725-caa85c50bef3,AD,arup.com
d12e9dc5-fead-4e0b-8823-decf80f63901,AD,arup.com
c1d85ff4-825d-45af-9ffa-bb86907bdbdf,AD,arup.com
cd3a7073-fc69-47a4-a36f-9f0f7eeb128f,AD,arup.com
f2f18754-2bc3-4dc6-ad55-acf6d36dbb6c,Entra,arup.onmicrosoft.com
95fd9007-67b4-439c-9c02-a189a4226883,AD,arup.com
d09aa85c-ce74-484b-acff-d28c2a32b3e9,AD,arup.com
48901d95-79cf-4090-b883-8d2b4151983c,AD,arup.com
1cf09543-e34a-4dcc-8b5b-5d2beefc4234,AD,arup.com
01e96462-311b-4ca5-9d01-c0df0f177b22,AD,arup.com
13db3e4a-65b4-433d-bc62-30af5a4f7d78,AD,arup.onmicrosoft.com
c20633e8-7729-4537-802f-c61f5991064b,AD,arup.onmicrosoft.com
a03d0e60-58fe-46c2-8683-99d54edd5154,AD,arup.onmicrosoft.com
42dfd869-6747-4797-ac27-2d8120486f13,AD,arup.onmicrosoft.com
853df576-8f4f-414f-b9b4-80625fc5e9ab,AD,arup.onmicrosoft.com
4881057a-6ad1-4d6e-b5f1-120d6b470dcc,AD,arup.onmicrosoft.com
d4bedc1c-7ec1-4608-8b93-3a3b134717c4,AD,arup.onmicrosoft.com
e66c6fa2-e86f-4ffe-b264-e7ba44779cd9,AD,arup.com
592cc7a4-d037-4f36-b44c-22e0d515960d,AD,arup.com
7dde56c9-354c-4ee1-a6fe-0c93288b15a2,AD,arup.com
1f4de562-a117-4eb0-96e9-a04bdc728467,AD,arup.com
0d97e4ac-2ea3-44a7-8fb9-e60ffd8f0e4f,AD,arup.com
f1abf46d-d8d6-4091-9a72-97ab8c04e2a2,Entra,arup.onmicrosoft.com
7a4cbff7-9767-4f4f-b645-7c27e24135c5,AD,arup.com
f69ff823-9056-408a-9845-0424fe73c0cb,AD,arup.com
af084bb6-9621-4085-bfac-cd72258463e6,AD,arup.com
542e2aeb-da08-4d8b-9160-14d384102a7b,AD,arup.com
a3def152-778f-4225-89c2-4e8b44422428,AD,arup.com
369f86ce-6839-4b54-9de1-7195eddd91ca,AD,arup.com
4ac58e5e-3f30-4736-a4cd-0870b239f2c7,AD,arup.com
53f62651-d718-420b-aebc-eb5e50e204aa,AD,arup.com
65cf920b-92f7-4e90-86f8-f37f4cf5ae7e,AD,arup.com
d109b7a4-93c7-4bd6-8b31-3407e29be68b,Entra,arup.com
3091eb2c-fdc3-4171-8c70-cd659dc44c8e,AD,arup.com
44a3564e-be4b-4abc-83ca-bb2210d58692,AD,arup.com
4fd91643-87d7-47f2-9e3b-b081a8db2919,AD,arup.com
f24d66fa-7c40-418a-a239-71754dc9bf61,Entra,arup.onmicrosoft.com
71d747b0-5e69-451f-ab93-50739d8a8ec6,AD,arup.com
14e5f166-045d-4e7d-8a6a-5fcda32cfeee,Entra,arup.onmicrosoft.com
eb26287f-3706-4d3f-867f-f54711ce5ceb,Entra,arup.onmicrosoft.com
0dd1277c-c71a-4c47-af55-ddfae08f428c,Entra,arup.onmicrosoft.com
618982ae-898f-447d-a46a-38e39c125c14,AD,arup.com
679bd799-c011-4059-a39c-4b53e8a1eb39,AD,arup.com
d0890f6f-99d1-4cc9-9413-49f2c39a9ea2,AD,arup.com
1b49cc88-9ced-44cc-9bea-a461fd81fab1,AD,arup.com
0cfd1d90-3f80-4dfa-8bf5-ec95349aa20a,AD,arup.com
87d3b5ec-56e9-4b96-a9f6-c1f3ae0a6fc8,AD,arup.com
3b3df56a-bced-45b0-84ca-607cce81a3c1,AD,arup.com
6920cbc9-784d-41e8-939e-3b0334fdfcce,AD,arup.com
1fa7b070-7895-47bf-aaa2-7cfce259fa06,AD,arup.com
295eb70a-4b1d-48de-a45a-07df169456e4,AD,arup.com
5e869a69-378e-47a9-9c4d-6ca86dc15779,AD,arup.com
1c33d3d4-89c4-4ce9-b76d-28703f0cb6f4,AD,arup.com
c17c412b-d6c0-44ed-9a56-ffe84864b1eb,AD,arup.com
0226a0ab-c618-4f89-968b-5c16cd527340,AD,arup.com
0226a0ab-c618-4f89-968b-5c16cd527340,Entra,arup.com
a1113bae-4655-4112-ae0e-b5faa7da9132,AD,arup.com
d7b7564e-eaf6-44d8-8243-77a19164aa4c,AD,arup.com
d7b7564e-eaf6-44d8-8243-77a19164aa4c,Entra,arup.com
306a6bf4-abeb-4159-8920-10198db452c2,AD,arup.com
306a6bf4-abeb-4159-8920-10198db452c2,Entra,arup.com
db03b0c4-8048-48b1-8d97-5fcd3be7daa8,AD,arup.com
ed4f3e75-18e3-42e8-91a4-9315c9cd1e8b,AD,arup.com
951f38e4-b860-4535-8579-2ec4af286bd0,AD,arup.com
5f3665ee-d837-42b1-945f-03e97432b759,AD,arup.com
9c4d0762-b2af-4c54-b427-278aa7aed25e,AD,arup.com
b3223d0f-9426-4372-a7b7-9fc50a581914,AD,arup.com
3269e697-a95c-4e0b-93b5-988568705ea6,AD,arup.com
b6695fa7-bdb7-4671-a1e0-e3c50ef969e9,AD,arup.com
58306b8a-2f6f-4847-9d77-f3c25311563d,AD,arup.com
85f9ff3d-99c6-4b57-8e75-0bb2951e705f,AD,arup.com
05f8571a-7cdb-4ec1-8b43-7361f6c0c3f1,AD,arup.com
45c9b80d-6d5b-4a22-aaf4-39bcaa393702,AD,arup.com
674c8cc3-985e-44d2-a5d4-55a3d84df6f6,AD,arup.com
c6bc8ddc-29cb-4d97-b952-b1020aaca799,AD,arup.com
7a72f6fa-52f7-4591-975a-1550e3c15534,AD,arup.com
e09f8d0c-1834-46c0-9c16-529e4e4861c2,AD,arup.com
d097f89b-8c76-4ea6-80fb-2eb97e6d9e45,AD,arup.com
30e6c455-78ec-4b99-bb36-ab3eb06be809,AD,arup.com
a4dc5a20-c3ee-4eab-a187-53f2a3b04e8d,AD,arup.com
f31a385f-0648-4fc8-9fb7-7db708fab744,AD,arup.com
fdbfdb9b-4708-420f-9046-98bfa18ee39d,AD,arup.com
4be5148d-b0af-4cc4-9eb6-2cfc7a274d34,AD,arup.com
3e5b2b0f-21ac-418b-9fd1-063e4185263e,AD,arup.com
900db90d-539c-48c8-89cb-fa6b0e042d7f,AD,arup.com
d478e661-da48-4243-a436-ac9c838304e1,AD,arup.com
b4426ca3-9b9f-4d93-b9de-ef4f236e7a61,AD,arup.com
8958e75e-409f-4b0c-830b-9817b79432e4,AD,arup.com
acc2b7c3-7f24-4ed7-88ac-7e4a34a8e6be,AD,arup.com
86a11eec-b3e2-43d4-8386-d81cdb487ae3,AD,arup.com
dccb41be-5349-4013-8e2c-62ed89490295,AD,arup.com
14a6e259-7bba-4e18-9ac8-3b55fe75edb3,AD,arup.com
cbe42c7e-1257-448e-830a-193d00b9376c,AD,arup.com
e807768a-5ee2-4cb6-bc86-65490285751b,AD,arup.com
21db4455-3a33-4d7a-82f1-ae69edfe1d68,AD,arup.com
c25a0cd3-ea76-4c3b-a7fc-300ba8b86187,AD,arup.com
37a34edd-45dc-4e62-a7e0-e50bc4ed95eb,AD,arup.com
14030903-5574-4533-b641-962f16e47cdd,AD,arup.com
fbcbd1db-aeb7-4ba4-8947-e7a53c4164e2,AD,arup.com
3bf260d7-8c47-4701-a3fc-005cbdc90e5d,AD,arup.com
951eadc3-15c2-4c04-ab61-6b1a42565cd0,AD,arup.com
c36414a4-3a85-41da-b573-a79a2300b4e6,AD,arup.com
14e88d21-6c2a-4a84-8f76-b2052c823361,AD,arup.com
44289e7c-3743-4ef5-8fa1-61c73c942dca,AD,arup.com
44289e7c-3743-4ef5-8fa1-61c73c942dca,Entra,arup.com
a23ad3cb-e0ec-4d3e-a8f1-8b60fe9fdedd,AD,arup.com
6e2546c3-313d-4249-adf6-4d09f0b356b0,AD,arup.com
385a4395-5607-424d-8f53-e06fae27d078,AD,arup.com
e609e5bd-7975-4e0d-b869-85699f8fe755,AD,arup.com
f0b0b3af-ef87-4ad6-bffa-bfaaef4eb732,AD,arup.com
94dcabde-a640-4f93-bb4f-c792b0011d30,AD,arup.com
bad38d74-389e-4bfc-92d9-5e36c17711c9,AD,arup.com
d565c21e-cd4b-40f5-b0d7-60799ac3b199,AD,arup.com
1eea138e-3887-479f-a5b0-5ae29a97dfd3,AD,arup.com
57f302a9-1605-459b-99c0-6c26fe878454,AD,arup.com
68a1c819-4f28-4951-b6b5-eeb384eacf10,AD,arup.com
00e7358e-b318-4088-9aa6-47413276618d,AD,arup.com
72a5ff69-fc35-47b7-817b-ea02463b10ea,AD,arup.com
aa3670ab-09e0-46df-85f7-cc8b509bbc7e,AD,arup.com
313d1b7e-87e2-4894-af31-abd7f83202df,AD,arup.com
bbd6b3f3-1272-4460-9c08-0ff28b2a6693,AD,arup.com
65a2add5-daa8-4a45-b282-6b2e58e10bfc,AD,arup.com
f3a030b8-e3e7-4723-947c-9e3e8b66bd96,AD,arup.com
fec1d073-7e7e-4065-9625-0d4adc10b0d6,AD,arup.com
da260414-24f7-4aec-b287-913159e91bdd,AD,arup.com
07c0a2b2-67c6-4263-8702-c93bf3b9e494,AD,arup.com
8d983eed-57fa-4711-9aa2-7cf41e60bcd2,AD,arup.com
f922195d-4ee1-41c7-82e8-dac265d33090,AD,arup.com
d2fa8bf4-8ece-4e0e-9f04-ca2a4eec0575,AD,arup.com
0a9db934-483b-4ac7-8801-2183b31cc682,AD,arup.com
1cfe7fb7-2ae9-428e-80ea-b690b7d5d920,AD,arup.com
cdbbe32e-6dbd-459c-8187-f136968af576,AD,arup.com
0d1b7c14-3b14-4feb-b728-cd5463167018,AD,arup.com
baaf82b0-ad84-43f8-8453-860f1d2ed6b1,AD,arup.com
baaf82b0-ad84-43f8-8453-860f1d2ed6b1,Entra,arup.com
6807b4e5-fdb6-44bf-bff2-a4a0b7284045,AD,arup.com
6807b4e5-fdb6-44bf-bff2-a4a0b7284045,Entra,arup.com
63e7ee87-25bc-4a6d-9d07-6521a0b2af19,AD,arup.com
63e7ee87-25bc-4a6d-9d07-6521a0b2af19,Entra,arup.com
128f3dd9-d1b1-449d-9606-6145027345c6,AD,arup.com
128f3dd9-d1b1-449d-9606-6145027345c6,Entra,arup.com
e8766859-dd43-40d9-9b7e-191f587dee44,AD,arup.com
e8766859-dd43-40d9-9b7e-191f587dee44,Entra,arup.com
4bc1c6ec-b796-4549-a931-58efcd351963,AD,arup.com
4bc1c6ec-b796-4549-a931-58efcd351963,Entra,arup.com
065fd195-03fe-4c66-9dda-ae27e258dbed,AD,arup.com
065fd195-03fe-4c66-9dda-ae27e258dbed,Entra,arup.com
65a49c21-c143-4f82-99a4-5ba7b4a02194,AD,arup.com
ad82bb57-22cc-477e-bca0-30e43e2f8ecb,AD,arup.com
ee6f96aa-8b63-4076-8cf6-6e16ad65e344,AD,arup.com
5a347329-499d-4cf8-9456-e3a3f466cf26,AD,arup.com
7b365a7a-74db-4cb8-94ac-c902f2646905,AD,arup.com
607d9be8-fc21-499b-8d00-b39ce0b39e73,AD,arup.com
607d9be8-fc21-499b-8d00-b39ce0b39e73,Entra,arup.com
2468ef44-2915-4993-861b-e593d9b68805,AD,arup.com
2468ef44-2915-4993-861b-e593d9b68805,Entra,arup.com
f5f2c65d-8661-4ece-bf27-f2f1a86eb6c1,AD,arup.com
ca871106-8d23-4cc9-8be1-01f6f42ec55b,AD,arup.com
99da6a92-59e0-4950-b612-235c3579a82e,AD,arup.com
3138a565-5595-4d78-a604-150189a08cc8,AD,arup.com
ea1efc72-d085-447a-a0d2-a2379916f6c6,AD,arup.com
701f9bbc-f092-4357-8ee2-5790b07ef21b,AD,arup.com
bf53bc75-6441-4384-8075-338bd63d57e4,AD,arup.com
a1c6d201-7627-4d89-b36c-42a22e872d7d,AD,arup.com
ee9c630c-d62b-4f78-8eea-51bb233be0ca,AD,arup.com
2df57fb7-7003-4095-8f06-95df8ff81436,AD,arup.com
99934f50-8b0f-40fc-9278-ca13a1c1d9b0,AD,arup.com
e1f12ccf-ad51-4f33-a3f3-a0e25bd770b4,AD,arup.com
6a7369fc-aeea-44f4-b460-698fe8453b0e,AD,arup.com
1b9c38fa-ecc0-4369-8930-7589b740e3ef,AD,arup.com
b189fb1e-7c74-4fa2-bedd-463ca82785db,AD,arup.com
8c63444b-783a-474a-af85-0c7e3642ba44,AD,arup.com
dd3bc2f0-6060-470f-9d32-204cfbf7cdf2,AD,arup.com
b94b08d8-d937-4305-ac0c-026c40eb05d9,AD,arup.com
a3c920ac-0462-4408-8a60-33e1724cd8c5,AD,arup.com
087d2c97-378e-45be-b2e3-ff9321512f21,AD,arup.com
087d2c97-378e-45be-b2e3-ff9321512f21,Entra,arup.com
c3dae507-d0ca-4ef1-b50b-9263e7596b40,AD,arup.com
c3dae507-d0ca-4ef1-b50b-9263e7596b40,Entra,arup.com
d638c58b-8858-4d15-a5b9-164479f31c93,AD,arup.com
fbe24937-cda8-4c52-a422-729921e066da,AD,arup.com
985f750d-3c8a-4ad8-b44b-25059e4848fc,AD,arup.com
a3deef3a-4b35-4c8e-8994-b42042701c9b,AD,arup.com
e2d3eeef-00a2-40ed-9cc9-3673d0698340,AD,arup.com
a8c39c8c-c6df-4ead-a9a3-4ab9fe76dd44,AD,arup.com
d6f8a87c-8f5c-4165-bed6-3872d48e1218,AD,arup.com
0cabf2a6-b7f5-4151-ae46-5c0cab696206,AD,arup.com
7bfc2929-2c81-47aa-999e-2b829fcb6a84,AD,arup.com
4c2d65ca-2142-4918-acd0-7f1159da2c16,AD,arup.com
4c2d65ca-2142-4918-acd0-7f1159da2c16,Entra,arup.com
5c39ee13-f550-49de-ba16-79561795cf8b,AD,arup.com
0e8401b7-9f0e-4604-9a52-f7e051778b13,AD,arup.com
5bfa9425-7427-4a3c-96d1-e1b11812737a,AD,arup.com
f29acbd6-f703-4cb3-9901-b54cc63dd0a0,AD,arup.com
afcb1d64-71ad-465d-a937-cfad35d25547,AD,arup.com
2e200e46-bb45-41f7-a68e-d3d84b804c23,AD,arup.com
d1bb4bfa-d6f2-4da6-89c4-fd7f4ea79d60,AD,arup.com
0f75ffb5-ea93-4852-9e6a-05dc7005874d,AD,arup.com
f64c51d4-7458-4671-9fe9-50faea19d5a0,AD,arup.com
56824f67-661d-48f2-bf63-76703a77aefa,AD,arup.com
4f51f06b-2ea5-4080-b13c-3539a2e4d325,AD,arup.com
ed4c03e8-b3fc-4e0e-ac74-8a4572428a39,AD,arup.com
3380b057-124e-4ee1-9b86-fe6917be1e06,AD,arup.com
ed0d80d7-3436-44ec-a147-ead98bb1cca1,AD,arup.com
7b008b9a-b21b-4462-9588-4cc3cce2cdc5,AD,arup.com
0f6e0ecf-6c5c-4403-98a6-fb2ef10c3e6f,AD,arup.com
70a30683-baa7-4e64-8f5d-cd97c7160fed,AD,arup.com
fd21320c-7ac5-483a-b696-a2943856a7a8,AD,arup.com
356cf6e5-2beb-4e84-b29f-4640ebd2aac3,AD,arup.com
6322ea47-c301-44b3-9170-909614e5cf1c,AD,arup.com
416c1635-7381-4dc7-8255-b2674f55b66f,AD,arup.com
b51688e0-e5a3-463f-b52d-e14642bebd58,AD,arup.com
15d7f341-a3e3-4c42-ad5b-9a064c7e2cf6,AD,arup.com
849bcdd1-ecc9-4a67-8a22-8f69364ec065,AD,arup.com
33ada337-835d-4afa-a807-66acce63057c,AD,arup.com
ea2945aa-4d8f-463b-a40b-4169aa011139,AD,arup.com
921b1c00-95f9-4eb1-947b-1577a4d2bdb5,AD,arup.com
f8160000-02b2-4ded-bb41-8e034d918bf5,AD,arup.com
2a567355-d1ea-41a4-9f51-e9ca2ebd183a,AD,arup.com
c4b7f24c-33bf-4982-806d-3d98d108d98e,AD,arup.com
f30293d9-8afe-4de9-814a-038bdc106353,AD,arup.com
b784b58b-7fd4-47eb-a057-7b6c846c2a41,AD,arup.com
3410f576-1b39-4824-8f07-e71c6ee1245e,AD,arup.com
b02924b5-9977-49c7-a266-b478b721ad2c,AD,arup.com
fc2a45f2-9511-458f-9a80-81c9cd2bc389,AD,arup.com
f57898ca-7f15-4e7b-a32c-5bc850724d5a,AD,arup.com
6906500d-4b0c-4964-a688-66183a988197,AD,arup.com
aaaa90a6-45aa-4b62-8c85-e24baafb7d86,AD,arup.com
79af0c30-3420-4a47-a76b-b036ad853ce0,AD,arup.com
5dceb451-f457-49c0-8e78-cd808d5b3d56,AD,arup.com
5dceb451-f457-49c0-8e78-cd808d5b3d56,Entra,arup.com
435cd383-ca0e-4c94-bfa7-a813a2299194,AD,arup.com
435cd383-ca0e-4c94-bfa7-a813a2299194,Entra,arup.com
7f362901-066b-4384-85cb-074c22654f69,AD,arup.com
9c67a854-a499-4b76-9f89-1c8f86297f88,AD,arup.com
0d143b2f-8ada-4342-b6a8-22fcf8c70aa8,AD,arup.com
391f41a3-8207-44da-ad6d-cc0ec35ece59,AD,arup.com
ce1c4a2d-09fb-489b-96e0-75b785b9fe91,AD,arup.com
c8e7ee9c-c482-4a8b-b4dd-964cbb6faf8a,AD,arup.com
37755ec3-5018-4ea5-b91c-21e1fc81ba93,AD,arup.com
0e01f226-b35c-49da-9650-0a9732dba7d1,AD,arup.com
ea15f31b-9b58-4bde-b1c2-0191152e9b88,AD,arup.com
97653f10-18b2-4790-a51a-0c00e6175452,AD,arup.com
01189f74-4f17-498a-ac9d-ae7268841de6,AD,arup.com
dcaf893b-51d6-4552-9533-b328e126d7c1,AD,arup.com
dcaf893b-51d6-4552-9533-b328e126d7c1,Entra,arup.com
66fd8b1c-be71-4112-88d6-6641e4ab07b2,AD,arup.com
5f36312c-c722-487b-bb77-b20dd25d057f,AD,arup.com
803108ec-0eed-42ef-90ef-b258e611fd3f,AD,arup.com
8b04b743-5d54-41bd-8b10-2509c0a5c5f1,AD,arup.com
8cf3ba46-5680-4a56-bf7f-3eb89561e692,AD,arup.com
b4cd1ebe-f8ae-4eb2-a3bc-8b88ffec5399,AD,arup.com
57db3661-5721-41fe-9984-58c5a6519559,AD,arup.com
c0f3f04b-5f40-407d-ab88-7f5af59b4e44,AD,arup.com
11cfc6ed-68b7-421d-bd5a-dd6316b06955,AD,arup.com
9d23ebe5-f167-445c-9fdd-806f9e75ba9a,AD,arup.com
57e7fe5b-a66e-4215-bc99-38a0f73a05cf,AD,arup.com
bfd996ca-adae-4686-a4ce-1089c4d6ff66,AD,arup.com
5954bca9-f104-4257-a8bd-5aed4c2e99c5,AD,arup.com
47919611-f723-4376-80ba-a6eb1c0e4a6f,AD,arup.com
15ed8796-3a99-4add-b448-73d636605618,AD,arup.com
f8e33521-7082-4865-84cb-a1f83bd73850,AD,arup.com
20b0b6bd-4fd5-4e73-bfbb-7ff69c828ed8,AD,arup.com
15012e26-6c66-4d2d-9d30-b1bfd5b9a1db,AD,arup.com
c6ebff7d-d0f0-47da-a126-f1b2ced2ece9,AD,arup.com
9df60cc2-5f56-4400-8e32-c4fd4fb2b128,AD,arup.com
148d95f3-eee9-4796-bf2c-dcb9d5678de6,AD,arup.com
4a8611e3-f413-4ea4-b1d4-16fb4877e8a3,AD,arup.com
d5b1d69c-9311-4414-b2db-2cba1d7d9bb8,AD,arup.com
fde1da2e-bdee-49ee-bc3e-4eff98a40110,AD,arup.com
5537a2d2-e5af-433b-b8a1-b6070ce20f94,AD,arup.com
2edc7381-94b6-4549-95a2-1ffd10258da2,AD,arup.com
b6ff6366-5704-48bf-a30f-41b698b60bd5,AD,arup.com
3df8ad6b-4622-4afc-8588-c26b5b786736,AD,arup.com
bb47733f-2b08-49b2-9718-9f42a8b33a81,AD,arup.com
f1351585-eced-4737-8adb-805af93bc594,AD,arup.com
6ee0101c-5b3f-4f49-a329-ec8ab14f9440,AD,arup.com
1aa1193d-6572-4189-939b-4858a01d0864,AD,arup.com
f24243dc-d88b-4806-af95-dc47b69808df,AD,arup.com
4f78ca74-460e-4de2-a5b1-1368f9c30d40,AD,arup.com
f00c1138-429d-4817-add4-ef7626755ea0,AD,arup.com
d3ab1ad2-efd4-4ab3-ad0f-61a3f63c197a,AD,arup.com
d151c946-652c-4f76-bb0c-22a23402a0da,AD,arup.com
0f07a9d3-7309-40a6-97cc-3e10925fa28d,AD,arup.com
05e9b76d-bde6-4482-a638-e3af6a166757,AD,arup.com
39f139ef-e510-4675-b9df-221a124406eb,AD,arup.com
214bbbc0-96d6-495c-9532-2bdf57704c81,AD,arup.com
21315920-74e2-4555-af90-f295be88fb00,AD,arup.com
46045825-a3d6-4325-9434-384d83635cab,AD,arup.com
676751a7-d55e-4915-8392-0d40efe63b61,AD,arup.com
9e827162-7094-4023-bd04-00320af0be0a,AD,arup.com
0ab8abfa-89c2-42bf-8aec-005e72189445,AD,arup.com
7bcb5b3b-b81c-4904-b5e2-295a20afb2e8,AD,arup.com
a9dd2785-a00c-4738-8045-1fd6077396de,AD,arup.com
ef68e06b-89a2-481a-b1b2-38a0507ad0f9,AD,arup.com
d9852c3d-fa59-4749-92d8-5af321162244,AD,arup.com
ef606560-dd01-4573-8b45-6f19fa4565ac,AD,arup.com
dac25450-bb21-4f55-912f-98f1be2c70fa,AD,arup.com
1e7ad0b0-120c-418b-8379-8353ee250c20,AD,arup.com
2f0ba92f-028d-41d9-a458-76776fc28a2e,AD,arup.com
d76c7811-cf52-4f4f-ab17-54c98b9f9beb,AD,arup.com
d76c7811-cf52-4f4f-ab17-54c98b9f9beb,Entra,arup.com
0af9c164-b3c2-43c8-b6a1-4d8e31b3dc5d,AD,arup.com
0af9c164-b3c2-43c8-b6a1-4d8e31b3dc5d,Entra,arup.com
ed2c29f7-3dfe-47bf-ae98-b6d4a2bfdf6d,AD,arup.com
ed2c29f7-3dfe-47bf-ae98-b6d4a2bfdf6d,Entra,arup.com
c149c150-dc58-45d3-8495-4f98958e56ff,AD,arup.com
9b0fffb7-75aa-436a-a4f9-88c7b58eab49,AD,arup.com
2aa9bc4a-d0ce-48b7-8b46-d45680dc774b,AD,arup.com
e43b1264-b9f6-4ba9-aafd-c017cef510eb,AD,arup.com
af62ee6c-8905-4241-b85e-d6f4c189e498,AD,arup.com
06ced448-4b92-4390-b5c0-390071796734,AD,arup.com
0dd424e6-8f5c-43dd-a194-f608c3876538,AD,arup.com
d4bcd321-22ca-408c-8b42-8e20cf3741d9,AD,arup.com
42095aea-8f1a-4be9-859c-7edcfa961409,AD,arup.com
d6896c31-7cbc-47c1-b87c-3cca57fae4fb,AD,arup.com
8c6b2ea6-1af2-4f8c-ad23-4214c8a73120,AD,arup.com
f47e70a7-aab0-4303-85a0-1cebeebd1031,AD,arup.com
1e9f3adc-d83d-4fae-8c35-cb62c57b2813,AD,arup.com
1baa74ef-c921-4de6-ad3a-09959ac9b201,AD,arup.com
bebbc220-aedd-4d0e-8a51-04721672ea80,AD,arup.com
307221b7-8420-47c5-80ce-c470e1c498d3,AD,arup.com
7066b69d-dc6a-4b14-ab48-ad3c54088c9a,AD,arup.com
726e2f0f-ce8d-47ab-8d43-6d0c684a4d41,AD,arup.com
e4743519-b0ff-4760-a1ab-75ed08e1cfb0,AD,arup.com
af5d218f-b30c-41f8-b114-d11b9c0b59ac,AD,arup.com
e283bcd7-9826-4b36-8bd4-de51361f7f40,AD,arup.com
7e43a483-ebcb-4632-a597-bdb6064d4ee0,AD,arup.com
89915128-8eaa-4854-afd0-f3ea5747fe1b,AD,arup.com
eb0bb335-087f-4f30-b6bf-2b5e792f87ca,AD,arup.com
09c3505c-68f9-4912-bc2e-962970f1102d,AD,arup.com
da491c81-59f4-4458-a047-85fcc6288f6a,AD,arup.com
4aa283a3-f69a-4b21-b013-c48277d744e0,AD,arup.com
7d3ec977-6188-4ceb-a5f6-7fae363f37ee,AD,arup.com
563e28d4-5111-40e1-8e45-9cc36fd97441,AD,arup.com
7940a068-cd66-4456-9e14-df98abed5090,AD,arup.com
1037a897-8129-4d75-812f-6a0b124c0ea9,AD,arup.com
fa3014f4-8890-4612-bbdb-e771b3fc2d5e,AD,arup.com
9786b6aa-3f42-449d-a920-6ba33a1b78de,AD,arup.com
6772ff88-f2d6-44e4-b5bd-19ae906702e0,AD,arup.com
3f66d077-c1da-4217-8328-683238561179,AD,arup.com
448d6c3c-1029-4a49-a508-a1b2cffd1e77,AD,arup.com
56353bc6-1eeb-42ab-8634-67e09633d4d5,AD,arup.com
d46e054a-bf24-4191-80ee-71f28a6cc5bd,AD,arup.com
c611dc23-f551-47cc-b7fd-757786eaf42e,AD,arup.com
078113d5-5d29-4149-99b9-9f3acf41e2df,AD,arup.com
d36caac3-1864-42f4-8de9-6a6cb5a690d9,AD,arup.com
27b613f1-02d6-4340-aaa9-5b5ba9d81d71,AD,arup.com
e933a3ee-8e8b-469f-bf46-fa3de434c17b,AD,arup.com
0cd11f47-51af-4342-919f-95a5c9ade0f5,AD,arup.com
c46cd29b-e780-46bb-92af-e7ed270e345e,AD,arup.com
ab201023-2dac-4478-86f6-306cfea03d26,AD,arup.com
d3b56700-0368-4008-b5fb-ade3a800db1c,AD,arup.com
8a15549d-4493-4b60-90df-cae58eaa2f15,AD,arup.com
475c646b-1a7f-4c52-938a-0f35df4ae8aa,AD,arup.com
bfbe8746-506f-4ef5-a70d-57efa132228e,AD,arup.com
d259b45a-e639-4971-a32e-28568b851d0c,AD,arup.com
47ab3138-19ab-40e4-b41b-51e4bba7b994,AD,arup.com
58da4c68-fc27-4ed3-9275-cb5d5dd2c939,AD,arup.com
b4a49a8b-ff70-476c-a581-60778cd35383,AD,arup.com
4546082e-7e7a-4e1d-93f8-dc70da888287,AD,arup.onmicrosoft.com
673fd30c-1297-447a-8cb6-6dbd1359ec07,AD,arup.onmicrosoft.com
81d49a95-f362-4e9f-93fb-812c0747ae3c,AD,arup.onmicrosoft.com
f2ee94d0-3ebc-4aac-8cf7-026a943053f6,AD,arup.onmicrosoft.com
e0a28e50-04a2-441a-991b-fe0fe1a83707,AD,arup.com
c4de06c4-1f1a-4965-9952-b0bcb7d22df3,AD,arup.com
2160b1e0-53a0-467d-a84e-67b261375664,Entra,arup.onmicrosoft.com
b4e9dd54-31fe-422f-8cb9-664d4e84c63a,AD,arup.com
44df61c2-571d-49b5-9d24-e1f743a0bc63,AD,arup.com
e294079a-8f70-47e1-b1fe-afca1645327c,AD,arup.com
cc40911d-009c-48ca-bfeb-1cf903441f4b,AD,arup.com
15aef440-50f9-411a-87f7-e4a8a8ad588d,AD,arup.com
1b709126-a8c2-4ba2-b04c-bfb313a37b5b,AD,arup.com
0be3d383-ecdc-4127-9d24-eb532ac227fa,AD,arup.com
f2fe74cb-0b58-467d-9799-fb6b67c3c42a,AD,arup.com
d164af5d-2cd7-435d-84ed-583a04d1fd55,AD,arup.com
7aaf8111-f8a3-43af-a4c8-b6c44605cc4d,AD,arup.com
522695cf-7e2e-4500-a7b4-f2d0cff27677,AD,arup.com
8af872fe-7dc4-4225-a303-93237c7b6ba9,AD,arup.com
192d2f4c-bc00-432e-b3ad-22f305351832,AD,arup.com
c8e70901-8886-4475-a116-70266cb3fe97,AD,arup.com
43676e96-6b50-40fa-b69f-6abbf9efbba4,AD,arup.com
71e48408-c6a9-4a19-bdff-4fef76eaf0ad,AD,arup.com
6fee9c51-abba-4b0f-85c9-ed39560be666,AD,arup.com
45e312ff-9e8c-48cf-8327-1a78c4a8785d,AD,arup.com
f64983d9-b259-487e-a6ec-adb0506f6105,AD,arup.com
e33a5aa3-aebe-42a6-aa79-9963cf8b2cf7,AD,arup.com
e2198dc5-7347-4cdc-9c57-042de246ab53,Entra,arup.onmicrosoft.com
2ae8e59f-86d9-4ef9-840c-9c499b6a8a87,AD,arup.com
4343b550-5ea6-4467-95b7-3c77513069a0,AD,arup.com
7128faae-4aab-416e-b486-0446ff60374f,AD,arup.com
79777f7d-d8e9-4f06-87a5-95f311936ec5,AD,arup.com
188c5b30-381f-4824-bc6c-68c003f99313,AD,arup.com
1070be9b-6ffd-4b68-a38b-aaefdf754464,Entra,arup.onmicrosoft.com
36d3cd3d-3370-479a-bcac-d73401ef98c9,Entra,arup.onmicrosoft.com
a3425186-1e01-4d03-9314-47e01d568e99,AD,arup.com
0c66db62-c0e4-4f8f-922e-b29efe06ef5e,AD,arup.com
4948a171-1d4e-4a62-8518-248c2e7ade5b,AD,arup.com
f1e6924a-836a-4b40-97ce-6bcf889547df,AD,arup.com
ce8afcc1-9655-4e78-b00d-07ce6295ff9f,AD,arup.com
185402b8-f604-4956-97f3-8d1e4b5a21ba,AD,arup.com
9b044010-6ad7-49b2-acfe-40942cfa083d,AD,arup.com
bba1b1a0-8bef-4c98-91f8-02ef256f52ee,Entra,arup.onmicrosoft.com
78d8aaac-2894-4a2e-99b1-9cdc2f2beaed,AD,arup.com
0f76ee44-498d-4c2d-9107-b1a9079ef06f,AD,arup.com
98836924-630e-4d24-b43c-23d3803da5cc,AD,arup.com
d42b0a1b-2ade-4323-92a6-be407d49abe9,AD,arup.com
728ce917-5ca4-42b4-95a3-4ba62de626bb,AD,arup.com
cc3241c5-64fd-4ebe-91dc-d23dcbff57c2,AD,arup.com
0705ff3a-4d4f-48f8-ac99-84d18047b0cd,AD,arup.com
ee94a48b-0210-4bbf-b80d-dbaa4c4ac580,AD,arup.com
37c61d6d-e8c8-43e4-8ed4-73085a4cb1be,AD,arup.onmicrosoft.com
6688fc79-56b3-481c-a5a1-7e51b82522f4,AD,arup.com
62bf7872-9c5b-4f77-9d25-ffa26b5f669f,AD,arup.com
fd72645a-25c5-46bb-88a3-39ea95fc9cf1,AD,arup.com
ff84c092-f4a9-4481-b9be-b30b7d4444cc,AD,arup.com
eaf0d598-a214-4bf5-bdb0-8e04fcc53d64,AD,arup.com
6b22de4d-6a7b-488b-af21-d8ac9b89826f,AD,arup.com
8b724942-02a8-4f39-b5a3-8673ba2a7d99,AD,arup.com
8b724942-02a8-4f39-b5a3-8673ba2a7d99,Entra,arup.com
bd69e1cd-7b62-4204-ba27-f43eb264ce75,AD,arup.com
01ade356-7d93-4107-8891-45983d6cd8f7,Entra,arup.onmicrosoft.com
5d2e24b9-5317-4059-88fb-a6b06cb8b001,Entra,arup.onmicrosoft.com
00e46c26-40c5-4db8-9be5-fb264d00e6cf,AD,arup.com
4247ded6-71c2-4185-9bbe-89559623ec59,Entra,arup.onmicrosoft.com
1578d171-87eb-41ef-8583-60c3178ef81f,AD,arup.com
d9f935e7-9df5-466c-ad43-a8c2df32f30b,Entra,arup.onmicrosoft.com
313746a0-6c70-44e4-a2bc-f3f7d23887a9,Entra,arup.onmicrosoft.com
cec8f7d4-eb33-44c6-ac84-1675e2729935,Entra,arup.onmicrosoft.com
d93293ec-e9ff-40e5-872e-f18319243a6d,AD,arup.com
c2793a88-bbf2-45af-a779-9daabbec0bd0,AD,arup.com
94ec3f92-3ac2-4dc6-8f8d-ffb13e8c07c6,AD,arup.com
f2e7f04e-e1d3-4e21-b2db-a66e2c18a98a,AD,arup.com
0d748811-9683-43fa-8679-c81c90650fb4,Entra,arup.onmicrosoft.com
2c972904-e8b0-4de9-8a1a-cc79baf52c5a,Entra,arup.onmicrosoft.com
a9749afc-2568-4ba5-ad9a-dd29fdc9e1b9,AD,arup.com
442267cb-65a6-4dac-b505-86ef0f4c7c92,Entra,arup.onmicrosoft.com
248bf3eb-0059-4dc9-9407-e14e659fc932,Entra,arup.onmicrosoft.com
4d704349-00a8-44c9-9297-da8d81207898,Entra,arup.onmicrosoft.com
7e3aba01-d2b1-4ed8-84f1-ebae489760e9,AD,arup.com
168a518c-3c95-45e0-af65-9f8eb3de86d4,Entra,arup.com
4f800d8d-22c9-4cdc-985c-7fff13987153,AD,arup.com
88c6c9a7-3c60-4857-9b6c-4f1b5473b813,AD,arup.com
b83c11a0-3827-498c-a434-8c641e84033b,AD,arup.com
2a5b6ef6-44b1-439c-af88-13b35aaa98e0,Entra,arup.onmicrosoft.com
86d84df1-7176-4207-be20-7f0ad927d2f1,AD,arup.com
81d659e4-4cec-4a90-88be-1a5f1c5cd576,AD,arup.com
32f18deb-9e70-46f6-94b2-e7a4dd7d2018,AD,arup.com
90f9f653-49de-4ed4-bba4-8a7a070fba6a,Entra,arup.onmicrosoft.com
42e18549-3080-4aa7-80eb-5acc4a348ad7,AD,arup.com
e319a86e-115c-47ad-9b0c-09c5ff992b82,AD,arup.com
a8825554-4752-4aaf-ab76-3bdcdfcb5cd6,AD,arup.onmicrosoft.com
9a05f58b-a45a-486d-9c1c-bf26c0459f3e,AD,arup.com
69175176-73b9-4321-9fa0-ef9aa81d1488,AD,arup.com
9287e61f-c88e-4be6-ae52-ff687efb6ea8,AD,arup.com
1671fa6e-4f42-42d2-8201-80cdfdbe1c90,AD,arup.com
dd6e4a1f-e2b4-4c19-b036-445bd1b73fd0,AD,arup.com
6366c69a-e7fb-404a-8ef3-73e780d0903f,AD,arup.com
26a240c2-2446-4730-839e-8b8ea14ae862,Entra,arup.onmicrosoft.com
32370034-2cdd-4fc3-b3f4-cfb22f73dad3,Entra,arup.onmicrosoft.com
13eba569-5a30-44eb-940c-118f72d3cf6c,Entra,arup.onmicrosoft.com
d825810e-e02c-41b3-9746-c37f4cfe91fa,AD,arup.com
d914aae3-d2f0-49c6-a8d7-a82a7d6faf91,AD,arup.com
efe823a1-5c52-4121-906c-7d432cd7a5d8,AD,arup.com
eae83b22-d959-4a53-a1ba-900c452ab5be,Entra,arup.onmicrosoft.com
5b223d55-fbcb-49b3-86c0-33eb02cd2926,Entra,arup.onmicrosoft.com
45e714e1-2ec8-4cdc-bfab-62ec555be2b2,AD,arup.com
0121ccb0-5639-4488-8666-0c2f10667db7,AD,arup.com
ca065cfb-ffc3-493c-9db5-e5494b529f12,AD,arup.com
e3cf36ed-154a-4e8b-97e1-ef41e78a0328,AD,arup.com
0291ca18-7134-4ac6-8dfe-bdd0079996b9,AD,arup.com
fea9f8d2-81dd-41db-aeca-51d1dfdfbfd5,AD,arup.com
f10c9294-b19f-444a-8b22-ab3222ab767a,AD,arup.com
3cb4f7cd-e7c5-4b90-945a-092bd4c5c32a,AD,arup.com
ab06f513-c91c-46d1-8657-7c9c35c6fe5e,AD,arup.onmicrosoft.com
a8ba38cb-a666-4736-8cb8-ea591941c932,AD,arup.com
eb99f8e4-9fa6-422b-8780-0bffa35aa883,AD,arup.com
01cae01d-2b47-4d74-9906-f5fa2fe13151,AD,arup.com
c427c29b-10a6-4cb6-9e66-6ae0bc3d5363,Entra,arup.onmicrosoft.com
c129115b-cc83-4e48-bcd3-4ba872adf56c,AD,arup.com
1e400f73-8851-47e9-bb8c-423b3f75d4af,AD,arup.com
e3dcf2ca-26b3-4a74-8f5e-84aac41a660a,AD,arup.com
180fb61a-8bad-4e14-8a96-13e4c8df82ae,AD,arup.com
e6872bd5-a4d7-4bfc-a185-75b48b86b26c,AD,arup.com
a6b74115-2246-4cdf-9df1-967ac702d57c,AD,arup.com
cfc8fe0c-f4f3-4594-a570-5d6f42a6f71f,AD,arup.com
6915a6fd-ecf8-403d-96a0-660264998894,AD,arup.com
f036c8db-e175-4c48-b683-4ec72cd5f9f7,AD,arup.com
db9198da-4f53-4c0f-9170-26d82c3f2e7b,AD,arup.com
0edcf488-efeb-42af-a083-01c663276583,Entra,arup.com
0d13eca8-8eed-4206-81fb-2bc206c34609,AD,arup.com
b35e5278-4f9a-431f-ab5c-758a1b64328b,AD,arup.com
4a530baf-fcaf-4538-a2a5-4417d839aa04,AD,arup.com
a7183ee2-6986-4b1d-9744-ec37346b9a36,AD,arup.com
6f4975d0-9edd-42dd-ae4b-27b58a0d116c,AD,arup.com
b08b0365-d7e6-4eba-918a-eed84cce7967,AD,arup.com
81f3f576-2bb5-4f80-a6c7-9a00e773b3e7,AD,arup.com
8353336e-a13c-4429-99b9-0be93b30fbf2,AD,arup.com
c186445a-17b5-4305-8e5e-035736ced39c,Entra,arup.onmicrosoft.com
60ca7782-9d55-46aa-9053-8e77717bc926,AD,arup.onmicrosoft.com
eb1d10b6-a046-41fd-822b-6dc01acc32eb,AD,arup.onmicrosoft.com
625572c7-3f59-48e1-8b79-22d8adff7a2f,AD,arup.com
f6c0220a-d9ab-4f69-8434-c80f0ab0ae16,AD,arup.com
4eecc677-f252-443a-b93b-230c2b638063,AD,arup.com
e723486d-5fd2-4225-a620-ba7af5d86718,AD,arup.com
64ba1578-eb79-4589-9222-f51db2d25c28,Entra,arup.onmicrosoft.com
453b268a-9be7-4629-966d-4e291231e4db,Entra,arup.onmicrosoft.com
efa1d857-0e0a-4d50-9e07-f6161b445402,Entra,arup.onmicrosoft.com
a4431167-5f8b-419c-9a9f-d2aa206600b5,AD,arup.com
626ca888-ac2a-4bb8-b2aa-45593ae7656a,AD,arup.onmicrosoft.com
626ca888-ac2a-4bb8-b2aa-45593ae7656a,Entra,arup.onmicrosoft.com
ac5d1f09-0819-4921-8be9-f97441f6b3b6,Entra,arup.onmicrosoft.com
da9f66e7-cebd-4bcb-a39a-2b413bc0c388,AD,arup.com
daa3fa04-978c-4f85-a532-0421f0ad37c1,AD,arup.com
503a5dce-ad3f-41ed-aac3-5d0899c943f5,AD,arup.com
bc889c3b-a412-4b3f-a5df-58bd7c800cbd,AD,arup.com
4102e494-59a6-4100-aaf3-95f281eaba9c,AD,arup.com
de190d15-887c-499d-846f-1486286080cd,AD,arup.com
c106da4c-d685-4f2f-88ce-f4453f7e9319,AD,arup.com
8988168f-1311-485a-91b1-4248655eac28,Entra,arup.onmicrosoft.com
bf129759-374d-44a6-b661-a0eb2cb1373e,AD,arup.com
bd71ebaa-b2a2-434d-8088-47c715d3a6da,AD,arup.com
cb4b2531-cbf1-4c18-ba6d-d66c014d2f34,AD,arup.com
cb7a5cb2-0f3d-47c1-bb52-b96b0aef144d,Entra,arup.onmicrosoft.com
21a4b259-884b-48d8-bacf-e99269668863,Entra,arup.com
67622b3c-cd9b-41b4-81cc-58148c369197,AD,arup.com
4b7e4d5c-29c9-47ee-8be1-a9b73219677d,Entra,arup.com
cf0ce185-faa7-4a1c-897b-2e513bf2a3c9,AD,arup.com
ba21fe42-0ba9-47ae-844c-347bfc153376,AD,arup.com
9fb35a3f-0fc1-4667-8681-c3af5cd1fc8f,AD,arup.com
8d7ad282-8dd6-4dbf-ab4c-79e0ef24c829,AD,arup.com
0a97cf08-b6f5-46e0-aaa6-37ff482b0832,AD,arup.com
c58ed1e9-54f9-4644-b717-045cf3df8df0,AD,arup.com
2798f121-beea-450a-baf2-0b1e1b05b82f,AD,arup.com
e186adde-ec09-44d3-b0e1-012f3a924b68,AD,arup.com
812addc6-17ae-47cb-9dc0-825c37a04873,AD,arup.com
30c905cc-fd13-4a83-8d17-68923425ee65,AD,arup.com
406c760f-c058-42a9-8052-a58774ba3978,Entra,arup.onmicrosoft.com
ca340efa-52a4-4d9d-becc-319c71708384,AD,arup.com
f4a759a2-4711-45fe-881f-4e362d75f33a,AD,arup.com
dcf744be-32ee-4ed5-b03e-8bff4909f5ac,Entra,arup.onmicrosoft.com
3c0ec24f-ca25-486c-af3e-08ed21fc6b3b,AD,arup.com
b45a70d8-2da8-40b3-8311-06d6f589afdf,AD,arup.com
2044f02f-e457-4fbd-9d0f-d445469bb1a2,Entra,arup.onmicrosoft.com
136b5c47-6d7d-475a-9727-e8fe7eceeba3,AD,arup.com
4160ce46-6799-4cdc-bc49-b693643688a7,AD,arup.com
629c5bfb-37e5-4a7c-b03d-dd8db693c84d,Entra,arup.onmicrosoft.com
c139d00b-e224-4c36-aae2-f92e89047736,AD,arup.com
dcbb63d8-823c-4b89-a67d-3a689044a9c7,AD,arup.com
380a3cdb-2875-450a-a1cf-dad663a16550,AD,arup.com
bc09a4de-79e4-4237-84b1-77e41b603808,AD,arup.com
f05b06bb-2d1f-40f1-9c78-4ddcdaddaefd,AD,arup.com
981b5ab1-3651-4d69-9cd6-9a91c6bbb083,Entra,arup.com
95ab2e95-9ace-43a3-a987-ba0559ce8559,Entra,arup.onmicrosoft.com
705fdaea-807d-4722-9663-d97065795c37,Entra,arup.onmicrosoft.com
e395a985-dea3-496e-b361-590be16c1c71,Entra,arup.onmicrosoft.com
8cb957b4-4a36-407d-a5da-9cbb49a87c84,Entra,arup.onmicrosoft.com
8e510bc8-8e4a-4b11-be48-4045feb6ba74,AD,arup.com
5f67b0df-94ed-41f9-9e35-6bd5698ac2c4,AD,arup.com
cee4f9df-70b8-4f88-a593-e21429b11f77,AD,arup.com
87732281-fb35-48bd-bbc5-c404cfa5a79e,AD,arup.com
0077f8b7-a36d-4a86-8129-26f80f26cf37,AD,arup.com
38d11b9c-9796-4397-a2f6-ee7d3fb46dfa,AD,arup.com
9824d814-9077-4223-9d7f-f296d0f05e00,AD,arup.com
66df8091-8524-41c2-a806-2f65821fc2cd,AD,arup.com
0e3e9f80-7473-42e2-835d-c848a0d426eb,AD,arup.com
f30afcda-9aef-4099-ab3b-f2391dfb5bc1,AD,arup.com
4b520d37-8129-413c-ab0e-11f0044511d5,AD,arup.com
52c0f0a9-44fa-4189-a61b-91eb965f5eaa,AD,arup.com
d7843ce0-68b2-46a5-b90b-53876909df38,AD,arup.com
9379cb93-adf6-4a63-ba9e-2e860992d1f4,Entra,arup.onmicrosoft.com
be154b45-4510-46b9-9bbc-f0453d5eca68,Entra,arup.onmicrosoft.com
a4bf49e3-b34f-4456-a8e0-edb5a5aca4ea,Entra,arup.com
528e26d3-ca83-4945-b80d-7599e286a5b6,AD,arup.com
c747324e-6d67-4bbc-a255-8c95fc750b6c,AD,arup.com
982d0cce-0fe0-447f-a169-239b978f98fe,AD,arup.com
2d882450-14a5-4fc8-b3cf-4669de2f670e,Entra,arup.onmicrosoft.com
3b494bb6-7d5b-4021-8e4f-f0a7bfa2dbd4,AD,arup.com
b01242a7-aab3-4162-95d0-cfc94c2ccc2f,AD,arup.com
75fd412c-ce74-4b21-ade1-17ac7c0beadf,AD,arup.com
9d5fa8c9-eed1-42d0-acd2-7dd32d240914,Entra,arup.onmicrosoft.com
48da8f02-8b97-4b16-822d-803b0cd7cb2a,AD,arup.com
7815d249-53b3-4f3a-bdcb-1566a9f3aa7e,AD,arup.com
7aba104c-4ae0-44d1-b42b-40306d4a84d5,Entra,arup.onmicrosoft.com
4ff820c9-bedf-432b-8546-1f8c375d17ad,AD,arup.com
b139e991-ed16-44fa-af6d-c73215db20f3,AD,arup.com
9cfd7570-427b-4e7d-a738-b4d04b5872be,AD,arup.com
14558053-7332-4c06-86b1-e5fe22c2498d,AD,arup.com
6e55e55c-9a5d-4277-812d-fef1d1a68549,Entra,arup.com
d3aeee09-b625-4147-a48d-f3022b4fe9bd,Entra,arup.onmicrosoft.com
6a1ee238-52c1-4ac7-bafa-b647110445c6,AD,arup.com
9249a728-c706-4dfd-9606-0e72a2c60bfd,AD,arup.com
5cf322e4-9da2-48a3-a9ea-efd81446904a,AD,arup.com
6a9a01e3-8a39-4e08-9222-0ab2445ad4c5,AD,arup.com
36703320-0712-46b3-b3ae-6761f7701310,AD,arup.com
bde503ab-861e-47de-b8de-ebcb8712674d,AD,arup.com
119848fe-4ea4-4534-b2e8-2dae3c2fd8c3,AD,arup.com
ae2d2fc1-ad66-43b6-8683-9757e86de95c,AD,arup.com
8ea4b5d3-8d64-4de9-9b62-002797d311f1,AD,arup.com
e8cca11b-f7f8-4b2e-8458-1fe5a7fc8377,AD,arup.com
1b956c6c-a19b-431e-9f8a-6e70fe267469,AD,arup.com
21db1c07-54a0-41ad-a7ed-afc20a5a9d54,AD,arup.com
8d2cbd82-74c7-411d-a0aa-68ab4c8164e5,AD,arup.com
3e64f31d-858d-4ba7-92be-0e2414cd85f5,AD,arup.com
d8fa73bf-1e7d-401c-9c83-b79502683928,AD,arup.com
4e43045a-cbe9-433f-b6e4-38ec193d4b9b,AD,arup.com
207e9a59-9357-43fb-987b-c56eee425675,AD,arup.com
10a21cc9-248b-4dcc-af1c-a6b9a8b7438d,AD,arup.com
f6139e1f-f4f0-4be0-a126-0f1f932669ba,AD,arup.com
7f7d0315-e277-42d4-9409-854b804fe665,Entra,arup.com
addec72b-d474-45a7-bff5-64d0c168f553,AD,arup.com
d2e47dbe-6f9b-4fb5-ad6f-85f413113009,AD,arup.com
899d1acf-1f96-45d3-a4c0-a2cfc1d3a94e,AD,arup.com
f4365a46-138a-4324-843f-d5ba0beed7e3,AD,arup.com
219a98c6-0625-4ae9-b721-e8411439f311,Entra,arup.onmicrosoft.com
fafdceb5-1a84-4582-a934-5a2cc43584ca,Entra,arup.onmicrosoft.com
e41ddc9a-28f5-4e70-a5d5-e6d0bb397562,AD,arup.com
87fc27c9-6729-444f-aeb7-e99e4c268427,AD,arup.com
3d507123-b5c7-4802-b761-81d7b653e192,AD,arup.com
08dde058-f145-497e-9869-90f853feaae2,Entra,arup.onmicrosoft.com
9c4eacc5-3e55-47e2-bf7d-e6b59e59e44d,AD,arup.com
21d03f98-a161-4fed-bb60-3764cd4bfd6d,AD,arup.com
21d03f98-a161-4fed-bb60-3764cd4bfd6d,Entra,arup.com
f3ff9ca1-9cb9-4296-97e6-41cdac5c91a6,AD,arup.com
37da8374-cae7-47ee-a193-2b2627130141,AD,arup.com
c2c423b5-0cff-4dd7-a4ee-8096cca047dd,AD,arup.com
047d3108-9675-4248-8dfa-8eb300a93833,Entra,arup.onmicrosoft.com
90290506-647f-4117-868a-c64511eeb9ef,AD,arup.com
b1ed6193-4b2e-4a81-8bbb-0328513b5a46,AD,arup.com
5adf0dfc-88b1-410a-a12d-ce1a268444ab,Entra,arup.com
b1908305-e8aa-4a6a-a96e-f622c1e3f0f3,AD,arup.com
ce2f3611-b50f-4dc8-8d25-e4ac0f67ae2e,Entra,arup.onmicrosoft.com
7bc92958-22d8-4b1c-9414-f08e314430a7,AD,arup.com
4d03558a-7300-4fb5-a89d-57ab67b789c6,AD,arup.com
0c0bc001-2ec5-482d-aa0e-5deb9f72491a,AD,arup.com
3401a2d5-9294-4541-8062-5c942208709d,Entra,arup.onmicrosoft.com
32c7ec1e-6ac1-4bc3-b7b7-ac8b41ac6ae2,AD,arup.com
0884c518-55c5-49c2-ae12-8a549050c2b1,AD,arup.com
e864b8bf-474d-4adc-b80b-b7df17be2200,AD,arup.com
3618b95a-04eb-42d5-87d5-e0b82d336bf9,AD,arup.com
6c5a8041-cbae-403b-94da-8d97ea520e14,AD,arup.com
a34e0185-fd29-4304-893a-a38f8fcdb0a8,Entra,arup.onmicrosoft.com
63d140a7-2ea2-40b8-b707-0ee55b975b31,AD,arup.com
d932afc8-047c-4d3e-a96a-abea728e74d3,AD,arup.com
773a61d9-0816-44c1-90ac-ce8d9a7370dd,AD,arup.com
acca8a31-2165-4e41-9712-7af2cea0df2a,AD,arup.com
b9c6a9f5-c988-4d9a-a4e5-436127d5494e,AD,arup.com
bb746db9-1b41-4264-9a29-e0c237f8c522,AD,arup.com
da386e8c-b86e-44e9-b700-5a84aed34f1c,AD,arup.com
66fd93b2-138b-470e-aaf2-cb80c2c3c64f,AD,arup.com
c1de514c-1638-472d-a2af-6f1c1560e0e2,AD,arup.com
c0e4c59e-d55a-4708-9621-bee358c4b5d2,AD,arup.com
59bb996c-95d2-40de-93c5-a15946fcc510,AD,arup.com
a028e1da-4c2b-4b52-85b9-10658e2f9f69,AD,arup.com
fb09278a-19da-4ecd-8be4-a3d3636eba84,AD,arup.com
8f5dac87-9ab1-44c0-9f8e-9241a5ddbdea,AD,arup.com
c4707040-ae54-491b-8c53-301728c51eeb,AD,arup.com
9452690c-a995-4829-9892-8a5d2acc7365,AD,arup.com
8b70ae42-1318-4e42-91b9-83ad73f3fbae,AD,arup.com
07cfc995-61c7-47b3-be0f-60703fd5e5dc,AD,arup.com
ba7c4ffd-6425-4349-8aae-df25c14de874,AD,arup.com
53ff5431-295f-495c-84a6-c15176970640,AD,arup.com
d953b305-4659-44bc-b7d6-b70dca04d7a8,AD,arup.com
38e577c5-c153-45ab-89b9-d9f03fc50f82,AD,arup.com
9eeb9073-cbbc-41f1-9b3a-f2a79bc17977,AD,arup.com
2583e389-8c26-4aa6-aeca-2c87a3ac662d,Entra,arup.com
a2bbba11-dba1-4032-9378-e4715ba07116,AD,arup.com
979cdb20-5e9d-48cf-a63a-13a779abdec9,Entra,arup.com
c2fc8d88-1c86-4f04-9a68-f66e4c1205c2,Entra,arup.onmicrosoft.com
42a370f7-ab5a-4d01-85fd-6c227dbe43dd,Entra,arup.onmicrosoft.com
2d10ec66-d003-4624-a671-64a869344d89,Entra,arup.onmicrosoft.com
ed76cb8e-fae9-4834-a10f-82e677576bec,AD,arup.com
f1a5407c-091a-487d-98f8-64b70b8fa011,Entra,arup.onmicrosoft.com
5e995f4c-117e-42cd-bb46-c7cc8a55f424,Entra,arup.onmicrosoft.com
6b5b379e-d23c-4d02-b1de-758936699886,Entra,arup.onmicrosoft.com
bf3d18fb-a9af-49de-bcaa-ec4e870f3beb,Entra,arup.onmicrosoft.com
cd796807-2d54-4564-b119-1d3c40eaaec8,Entra,arup.onmicrosoft.com
0b8935ca-221e-412e-a102-47b1f0d9329d,Entra,arup.onmicrosoft.com
d52907ae-c3b5-4d9e-97c5-27fe489f81a1,Entra,arup.onmicrosoft.com
e0981c41-c5bd-42a3-b46d-f583c7775ca1,Entra,arup.onmicrosoft.com
00d30ed4-03ea-45dc-ad78-ea1584a389fb,Entra,arup.onmicrosoft.com
5dce8a76-d619-4be2-ab05-4cc325caff10,Entra,arup.onmicrosoft.com
5c95c3b8-9cf1-4497-a3bd-0cb55697e4f7,Entra,arup.onmicrosoft.com
87bb78d4-b3ba-4440-830c-d63bac223350,AD,arup.com
66f4a7e2-d589-4180-b6be-4486373d9c8d,AD,arup.com
cc7caf24-a28c-4db7-a638-9062ce96ab24,AD,arup.com
a0a64d5a-ce8c-45c8-8af7-912105220032,AD,arup.com
5df6a7c3-8bb3-46b3-b918-88712d9fd509,AD,arup.com
0c1d84bd-1c6e-42a9-a835-5f2139240512,AD,arup.com
be000a7d-db10-4c48-b2d4-59339d02fb62,AD,arup.com
4bcd9f1c-f3c2-4134-9261-cd282147de11,AD,arup.com
06c7552f-23a5-4baa-8deb-71fe229127dd,AD,arup.com
9c57e981-3c9b-47ab-bfc2-da5635bbe4a0,AD,arup.com
f558c716-b76a-4071-90f4-466e9763ba66,AD,arup.com
5056d48b-4d65-4a59-b699-17474f4c3fc8,AD,arup.com
d4b16ba5-0f0c-4579-8024-ff5c84c91faa,AD,arup.com
92ac8c30-33da-41b8-ab7b-32ef94323ed1,AD,arup.com
082b8695-6511-4513-8bad-b3ae0e237392,AD,arup.com
bc936636-ba4d-4d79-b871-96bf373102f4,AD,arup.com
c9eb5358-72bc-439e-b5ca-7a32bbb4bba4,AD,arup.com
826a74f1-092d-4ed4-8c05-bfc97614fbd8,AD,arup.com
ef779f42-42b4-4c6b-be57-272382b59a48,AD,arup.com
63190341-273e-4938-a31d-ab36abd8772b,AD,arup.com
16085661-f588-4766-9851-826b86cb2a1d,AD,arup.com
542a8204-783c-4bc3-b268-13a857cd5e42,AD,arup.com
95929673-7ff6-4616-9c31-86df2001dbf0,AD,arup.com
1edca193-8d04-4ed2-8c30-575a9766809a,Entra,arup.com
f8b35e0f-3f7d-4b44-82ae-5bba3806660a,AD,arup.com
f5431590-7370-4a3d-9021-b961c377ade3,AD,arup.com
d37af7cb-d1ce-40ae-8377-44d79b2c99ea,AD,arup.com
72ac22fc-eb63-4dd7-88cb-6c5dfab4dcfa,Entra,arup.com
38f79157-126c-4150-913f-443bb89aca8c,AD,arup.com
f7f9dcbe-6635-4bd1-8241-969fab60c76b,AD,arup.com
9ce93c1e-8a76-4b81-b732-b53d47ee5c6e,AD,arup.com
a300eebf-cd8a-4ac6-8547-dc6ceed9a270,AD,arup.com
55862789-268a-4464-8f20-3dff9a6323e2,AD,arup.com
ce0f19d6-84a6-43b3-a820-48793a81590d,AD,arup.com
c223e5d9-09fd-4265-9580-55552802bf64,AD,arup.com
ecc6a0f1-98ee-4f96-adfb-d4a5620380a2,AD,arup.com
53954350-7510-4c36-943b-217e9e9a6e2e,AD,arup.com
93c18911-cbe4-495b-a0a4-8d6aa1c4b943,AD,arup.com
639edbdf-679f-4c9f-8650-7a3793797fd4,AD,arup.com
efe44def-6bf8-4eb6-b19e-5fbc25a9ec15,Entra,arup.onmicrosoft.com
52b68191-6356-404b-ae7b-672bd1569d20,Entra,arup.com
a65dbe70-064e-4083-bb42-55e63fc1227d,AD,arup.com
1942e06b-75c3-4725-9d9d-ef905e09ab0c,AD,arup.com
b92cb739-078c-4ea6-97c7-d5a056a506ae,AD,arup.com
ba612042-9c83-4477-8ba9-047a8169bbbf,AD,arup.com
1c0fcf75-92ba-4f88-a7f9-da898aecb52b,Entra,arup.onmicrosoft.com
4a0bdc1a-bc21-4dca-bfff-f58acec11828,AD,arup.com
1abe0e22-88de-444e-9ef1-b2ad742549ed,Entra,arup.com
38952cb7-2153-4412-9187-615346bafe1f,AD,arup.com
e1e5d5f5-2ed7-4fba-a37d-fbbd50340ff5,AD,arup.com
f1d7c611-a3aa-448c-a4f6-ed1741438d40,AD,arup.com
e096f3f1-7827-4b5d-b214-e0d560ceb453,AD,arup.com
d3e0576c-f3aa-48a5-9fe4-be7d5d4909f4,Entra,arup.onmicrosoft.com
83b90b3a-1511-452f-b1c1-5cd8e1e216ed,AD,arup.com
83b90b3a-1511-452f-b1c1-5cd8e1e216ed,Entra,arup.com
4521af39-3f25-4302-b979-dc15da684fcf,Entra,arup.onmicrosoft.com
2a08b272-c94e-4e21-863b-b79a4736ced2,Entra,arup.onmicrosoft.com
804ac4bc-4fda-43a4-b420-1d60252f773c,AD,arup.com
6cc9d563-d238-4979-83d8-2ea9742140ce,Entra,arup.com
62d2e224-1633-469e-ae90-829ad14188d5,AD,arup.com
a0f84154-0ca9-44c4-bb76-c3f5603371c1,AD,arup.com
264acad4-48d6-43d7-8bdd-a03e3bb04a3b,AD,arup.com
152174f3-3356-4520-8faa-e619c0c99ef7,AD,arup.com
53e9ef26-6de3-4e24-ab38-478aebaf6712,Entra,arup.onmicrosoft.com
09e82028-d70d-48a1-b36b-1e1aca7edbea,AD,arup.com
1fc7a573-ee79-4a46-b28b-d039a710df3d,AD,arup.com
01de019f-00ee-47a9-b157-9c5f1cddb2d4,AD,arup.com
2abcef9d-8f0e-4704-ac84-d30f6572f5b7,AD,arup.com
69b412d5-f4c5-4245-b203-1094229c12e2,AD,arup.com
53c05505-4663-4556-b9dd-83684569a810,Entra,arup.com
166e6d48-a02c-46c6-8ddc-a415ff2c0917,AD,arup.com
d42ec7aa-d845-47cf-8e55-692294518162,AD,arup.com
6c1638bf-f6be-4893-83fd-751e8402cb6f,Entra,arup.onmicrosoft.com
37a2abf4-ad02-40d9-a244-fa8594f96eac,Entra,arup.onmicrosoft.com
32eff015-daba-446c-a181-d8ffc5199331,AD,arup.com
ef430e83-832e-418f-a4c8-7f07a51f8165,Entra,arup.onmicrosoft.com
4d33fb2c-9295-4e38-a045-7af566b4681e,AD,arup.com
937db80d-6d66-475f-b33d-9b242314c9f1,AD,arup.com
089f15cd-039b-442e-830e-5d18b5a7a4cb,AD,arup.com
f277814a-9497-4dbc-8493-a5c4f6db2304,AD,arup.com
b8652467-2697-4539-a108-8549c2cf56a2,AD,arup.com
b652bc9d-a121-49fc-9abd-bf4b3df6fbb2,AD,arup.com
a2c443ad-2b5e-4cd4-b0bf-5ef8696d5e7d,Entra,arup.onmicrosoft.com
5356c6b3-b02f-4fd9-9600-58e9834785b8,AD,arup.com
e5d5bead-55b3-4fb4-8a8a-a7171d9dce45,Entra,arup.com
592301b1-cc38-4a52-9624-2756de31a85f,AD,arup.com
1c6639d1-bfe2-45ca-98fa-2ed0dbc27fb7,Entra,arup.onmicrosoft.com
5d1dc5c0-022c-4694-8c8b-1617b9745448,Entra,arup.onmicrosoft.com
20efaf5b-ffd1-4556-84df-366b09293e73,AD,arup.onmicrosoft.com
1bb7d435-9f2b-486d-97db-1f91805698ea,AD,arup.onmicrosoft.com
8476327c-7c53-4478-a965-3e6f13469c10,AD,arup.onmicrosoft.com
c7a5a3a9-f731-44da-9a4b-e8ad1cff622e,AD,arup.onmicrosoft.com
12617a4a-63b7-4b5b-a82c-76a8519cc5eb,AD,arup.onmicrosoft.com
1d3d57f1-28d7-4802-b696-622307bc1a70,AD,arup.onmicrosoft.com
78daec97-27f5-455f-b4c4-8261fc258646,AD,arup.com
c5949a29-ea70-4564-b435-829df179b2b3,Entra,arup.onmicrosoft.com
89e2a728-60c3-41f6-8436-4e88eec5bf39,AD,arup.com
136be77c-22e3-4c53-9d61-e81e39fb29e5,AD,arup.com
f5ce807f-0b3e-423e-8ceb-51a6399d1a74,AD,arup.com
90560fc7-fb8a-4776-a6c9-fbf7d87e8224,AD,arup.com
9d8e05b1-96a7-4992-8270-74cf8bd46979,AD,arup.com
04bc7ea4-70af-48fd-87bc-632eef34df25,AD,arup.com
85172201-eeca-4e87-8bb6-5bc8898cdb03,AD,arup.com
bc65ac54-27ec-41e0-ad55-00e6b50941ef,AD,arup.com
0127772c-9076-4429-acdc-14d1e1014fcc,AD,arup.com
15c7d9af-f858-4778-8d99-6021b4e8af8e,AD,arup.com
2a74fa31-9159-4e95-9adf-cdccdb903a09,AD,arup.com
295fef69-d638-401f-8e41-5027ff2c47c3,AD,arup.com
670a9131-eb94-4ad4-91e0-23255ab66e2b,AD,arup.com
e5d89449-ae89-4271-ac58-ad2e07577ec9,AD,arup.onmicrosoft.com
82860026-3270-428c-aa0d-0e644b96372f,AD,arup.com
9f7b15da-79c9-40db-aceb-7ff2bfc5484b,AD,arup.com
d3f07eef-8d4d-43be-a78e-8ae68022c1d2,AD,arup.com
2c680b81-c8e9-476b-9b7e-da3cf2936f3a,Entra,arup.onmicrosoft.com
d1f212b9-25e3-427d-8d0e-2c3de10f34d8,AD,arup.com
2b54efad-cded-4ced-916a-829c719b9cba,AD,arup.com
22545980-11df-4241-bddd-d1ee405f5e77,AD,arup.com
f03c8c50-e0b8-4944-b56c-70c1198ae0ab,AD,arup.com
0df7be07-6ac8-421e-b220-4e4a0a7c7f75,AD,arup.com
8c93524b-a974-4cab-a2f4-3b55ee61b139,AD,arup.com
1a8c56f6-b13d-416d-80e4-f23c13eb9b0e,AD,arup.com
6b39ce80-2bea-4c35-a580-2fad00095e26,AD,arup.com
914ff8fe-3513-4410-a491-e59335f7f475,AD,arup.com
8df0685a-f9f3-4a96-8628-195a5a5a9800,AD,arup.com
173b3dd2-aa62-4136-b528-8dd487ed5b7e,AD,arup.com
fe520620-f815-43d0-aac9-b1675857a19f,AD,arup.com
e803b867-600a-4b35-936c-67c20f066ae5,AD,arup.com
7aa7a7a4-5f2a-48de-b95e-fa64c735dc3f,AD,arup.com
1d80c3a2-3458-4dd1-b362-9b6b6c4b5a66,AD,arup.com
cd7dd0f8-a973-47ea-a8f0-73fc57be79e3,AD,arup.com
d62cae8d-0d9e-4ec3-a7d7-d506a5062958,Entra,arup.onmicrosoft.com
16981fd9-310b-4cde-8c49-1a50e185b1a0,Entra,arup.onmicrosoft.com
8a60fb1f-0d71-44aa-9ea2-b7f7c9f6f95b,AD,arup.com
af1ea569-aaa6-4c0c-86ee-cbaffab90ec3,AD,arup.com
7c719124-96c9-4675-b890-90045c9e0c73,AD,arup.com
d53082dc-22c2-47fe-8130-5af0d4d57188,AD,arup.com
c45db23a-96fe-4217-8b4c-6e6d29db336e,AD,arup.com
53e945d0-40cd-41ff-b01e-1e32ba11066f,Entra,arup.onmicrosoft.com
0bc45f0e-448b-4321-9c4b-afa14159cc22,AD,arup.com
35f87199-c852-4a08-b38e-11eef9fa2658,AD,arup.com
10d208e2-6315-48df-b080-fb22b342338b,AD,arup.onmicrosoft.com
00bcd611-fb83-4b8d-ba25-281c74fade10,AD,arup.com
